Id,Category
img_xosq7,78
img_3064r,32
img_lha38,393
img_vpp4z,443
img_km5ym,467
img_3grbv,126
img_rri40,408
img_kzhc9,60
img_ytvcw,97
img_yw7gn,224
img_6z95e,393
img_q512d,499
img_gaevj,199
img_ittnq,242
img_jzajf,238
img_i52nk,370
img_2vxyh,6
img_1ggjb,370
img_idz0a,206
img_at9lu,329
img_1j0is,145
img_0m5tz,432
img_op6t9,331
img_3r8ds,455
img_lkoxa,256
img_86rcx,282
img_nv98m,498
img_kdl2m,68
img_prf7h,311
img_05nv6,458
img_1i72l,184
img_hc9xm,328
img_23215,396
img_lwlfw,37
img_k4viv,196
img_a1oop,156
img_j6uhx,250
img_r8u5j,380
img_j5vdq,228
img_6jdkb,268
img_oh10o,406
img_ar3lh,351
img_tnllk,380
img_qyka5,420
img_m11p9,75
img_iddix,320
img_bt2q1,85
img_emasb,227
img_quyrv,127
img_hp88v,320
img_ekgyh,216
img_q1z3k,291
img_xpjb5,329
img_g67da,197
img_akijo,425
img_409q2,394
img_qljr8,1
img_qwmuw,320
img_3u36y,437
img_io34v,249
img_un5r4,419
img_2orzw,336
img_4ztvb,208
img_15e0d,379
img_pyyts,238
img_zsnbp,211
img_u896p,206
img_gc2go,171
img_yiiat,316
img_qvmwz,320
img_ky5ds,480
img_cwuc8,33
img_udqmk,37
img_9tov7,326
img_be5t5,350
img_hrmyb,77
img_e1u1m,161
img_0wd9g,419
img_952fu,285
img_n4ypv,452
img_ztddx,379
img_15d7o,51
img_73i8w,177
img_zm8l2,131
img_yvgg1,244
img_z6g44,76
img_8mk3h,435
img_xyypn,208
img_0h4jj,301
img_p0fbe,320
img_wrbn9,203
img_i12cw,231
img_nlpcb,146
img_69yyt,38
img_zm813,168
img_lt4yv,12
img_0vq3w,264
img_a8ajq,277
img_sht9j,159
img_c9ylo,392
img_4j83i,6
img_blmah,215
img_u7chv,41
img_t2br5,462
img_7qz74,32
img_1e27p,243
img_m73cr,94
img_2047u,348
img_i6qnw,450
img_gd3g0,475
img_ombrf,313
img_zwtqr,149
img_v88qh,332
img_ib0df,105
img_84ey1,140
img_8y19h,319
img_nerns,425
img_1g2i4,123
img_tw18h,428
img_u9dio,460
img_739qj,320
img_vsod6,68
img_yw7iu,406
img_ucqrz,481
img_yvplj,221
img_57eg0,399
img_x12as,383
img_z9kf2,27
img_l2oey,183
img_em4mb,423
img_6dcwf,262
img_b2gzj,256
img_3dogv,419
img_uj1k8,393
img_5dnt1,320
img_pixlb,164
img_v6oo6,336
img_2t0i3,295
img_88fc9,280
img_isdeb,65
img_zzr8d,140
img_2ia1e,16
img_y69c4,234
img_q7lcj,75
img_a6ckb,152
img_6qm77,330
img_egr74,171
img_vvkvi,277
img_78bwy,46
img_wdyre,196
img_wyvki,59
img_gzv2s,193
img_h1qby,211
img_83dl3,361
img_c3j00,493
img_je3qc,196
img_jshic,92
img_grlfw,299
img_jefsk,15
img_g5dy7,496
img_7n7uw,160
img_inzlz,259
img_veipj,1
img_3u68x,450
img_h4ebw,13
img_2pfr2,235
img_o6qdb,123
img_wsuu7,383
img_yk4qa,49
img_8b866,457
img_s00sc,165
img_7yugy,172
img_1fhlc,361
img_gbnl9,74
img_bbsrt,26
img_9y4dr,245
img_2nku2,309
img_knwwt,133
img_agidz,304
img_2h6oh,62
img_o4d3j,432
img_hzxzz,19
img_duw8k,453
img_8tus3,405
img_h6wfu,42
img_6yaet,438
img_r2q7k,383
img_ys8k4,165
img_feun1,487
img_b0qjz,402
img_u6znh,293
img_1llrl,282
img_27f8f,144
img_m0noj,497
img_4wa1o,157
img_ekcmp,492
img_0q5wh,224
img_6n07m,144
img_adqks,320
img_lvxdy,235
img_5xzy4,59
img_0jtts,403
img_jy7ab,183
img_9znh0,370
img_z5kd3,42
img_q8moa,177
img_b58jd,247
img_vpqht,352
img_763mb,341
img_aph0u,259
img_bgf29,240
img_22sef,169
img_43c3j,320
img_undzn,224
img_0h33y,285
img_2sehi,467
img_k9t8y,37
img_4fr3p,23
img_o2ua9,320
img_c7arf,399
img_h1886,486
img_hne9i,454
img_wy44v,399
img_9x4hx,463
img_46ww3,115
img_2fa3d,412
img_im9li,248
img_jyb4q,445
img_pjfww,490
img_xii7c,350
img_y13r0,8
img_dlnio,280
img_wmmh6,18
img_s5efa,320
img_dl367,233
img_m5jeu,346
img_6c3ow,363
img_phxut,467
img_9knws,197
img_ig6b9,278
img_jzzn4,229
img_dsvnu,273
img_36b78,423
img_tsy8s,477
img_gn7gy,320
img_7wes9,15
img_moogk,48
img_uhs16,467
img_hamyl,379
img_3cuhk,404
img_zvrgb,287
img_2w1ag,290
img_ydxak,62
img_hzuc4,36
img_8vn8f,477
img_u0z4n,294
img_s1wf1,495
img_8ze43,247
img_4e1zd,100
img_1jaxz,162
img_62wor,153
img_fy01x,484
img_834bd,241
img_iktgi,79
img_ik0l1,149
img_puqc5,405
img_nc4tj,320
img_5sa8p,423
img_krfkl,127
img_p6lrb,59
img_8qoet,169
img_n8iu8,431
img_80u5v,36
img_8lj5o,139
img_nm7ft,97
img_b4gbg,467
img_hiu3s,193
img_npkri,362
img_useu6,285
img_7buh8,457
img_ogmu1,454
img_09t4e,97
img_t95oz,178
img_5lxal,162
img_lzc3e,26
img_jm3te,210
img_qirlo,360
img_yfzar,435
img_ur7o6,467
img_cvovk,171
img_9dm0p,259
img_1zbjo,14
img_jbmfc,60
img_gb07a,318
img_zkixs,300
img_offf6,77
img_6o5sd,243
img_mz1b0,76
img_rx2br,493
img_9920w,490
img_ucncr,144
img_g9cc3,393
img_mfysw,308
img_5wtzj,337
img_2n2ue,205
img_4nwvd,215
img_izvyo,467
img_k1yzn,233
img_pauqf,325
img_1tvtr,384
img_zq6an,287
img_af67q,33
img_tiy4h,320
img_z4zop,135
img_rfc1f,21
img_ic8pm,62
img_glcpt,320
img_i7q54,190
img_oav7m,261
img_5r9c1,381
img_s963k,146
img_dvjga,5
img_ekbv8,305
img_g45e5,127
img_ztfei,208
img_ooo1d,467
img_wt2dg,320
img_88qa3,261
img_r9t6n,65
img_jptz5,144
img_o90bp,241
img_iyy3x,1
img_ioir4,425
img_8z4il,82
img_e8utq,94
img_6onj5,188
img_mparp,174
img_il3hk,182
img_a5dld,369
img_zo3x4,251
img_0t2qa,449
img_pxlma,144
img_38wi6,370
img_uojd2,336
img_767z2,408
img_9vg94,373
img_t36sy,370
img_h4yey,208
img_dnb21,13
img_joz8b,454
img_2fwr5,63
img_lzh43,440
img_13gze,234
img_tq5ay,449
img_7kq70,490
img_vfala,314
img_horaz,469
img_ods20,151
img_kp1ey,310
img_wixdb,320
img_qfkti,233
img_u3050,73
img_bxetc,320
img_lt4fp,301
img_7f5hl,105
img_s8vi3,401
img_muf7t,144
img_petqx,140
img_lzgcg,192
img_oy0pq,455
img_uxlmj,444
img_b57nb,449
img_4kv6i,320
img_qhtsj,222
img_2ghdr,456
img_n0sfu,482
img_oon5s,98
img_8s7d9,104
img_7t07a,20
img_g82kj,104
img_bkf9y,337
img_i5w56,457
img_p2adb,321
img_as462,379
img_cs8wy,320
img_ii0y1,248
img_nqfm1,75
img_vlui3,441
img_je8m4,429
img_dspfg,467
img_ibbay,261
img_agf7z,467
img_c7pf5,370
img_slnbv,318
img_ry7x3,461
img_v6jwz,365
img_ughmt,49
img_pl5ix,335
img_wx771,82
img_vyad5,90
img_6rnnj,379
img_blxpp,251
img_k4gup,23
img_hlx4y,173
img_2pkws,226
img_nudns,490
img_8lo5x,41
img_lusqg,1
img_np9yh,445
img_8hvgs,238
img_n76t7,208
img_zl4fa,383
img_a2m95,339
img_c6a7g,208
img_qbobg,190
img_8snt3,8
img_uof58,438
img_wwazc,369
img_95gv7,131
img_sudrx,198
img_d906s,101
img_xp4x6,398
img_483jv,399
img_lmh70,320
img_w7s74,403
img_jdx55,423
img_f3m89,247
img_5kx92,37
img_z73nb,264
img_yaw19,332
img_7ix98,418
img_zxqft,299
img_dpesm,56
img_porj1,484
img_72j3a,460
img_o1gzj,45
img_lhubc,415
img_ryu1x,269
img_2g410,142
img_vg0v7,37
img_952ms,344
img_5gbrm,25
img_6215o,36
img_to4v1,304
img_02emi,309
img_h9lba,242
img_q3zd3,171
img_vg6zb,357
img_p25jm,42
img_gze3m,143
img_vnjce,138
img_hbf50,337
img_rzqw4,405
img_a3z1h,62
img_hn8iu,70
img_kur1a,458
img_qyt3o,382
img_0h0p1,13
img_s46m3,452
img_vi2xf,28
img_e17nr,68
img_00654,439
img_g4kmb,75
img_neehd,287
img_cvkqa,380
img_lcjdl,470
img_m4qiv,25
img_ebmsp,44
img_nifn1,309
img_jczjl,494
img_1foxt,183
img_9xozb,278
img_j0d8o,291
img_avlej,129
img_w0m6q,323
img_29bmj,63
img_rtxlk,157
img_ixiq4,352
img_u8vv5,370
img_b63zy,27
img_oea0x,305
img_372mr,41
img_rpeve,65
img_acv2o,371
img_7ovah,380
img_qby5d,144
img_ceo7a,401
img_zh4i4,320
img_ti0kc,409
img_w5a7v,393
img_2oqf9,277
img_mfgxi,476
img_6brwh,494
img_hvaub,103
img_2pypu,291
img_fkbw5,222
img_l2ors,82
img_rzmek,486
img_6trhm,178
img_mkcsf,183
img_ey9oo,305
img_a3pl9,478
img_rvixn,27
img_3b6oh,188
img_682dy,196
img_5ig72,140
img_g9rhr,368
img_karms,320
img_z9d0e,414
img_al3vu,99
img_rb894,105
img_l1odj,183
img_l8mc7,165
img_vt0su,467
img_xmb6e,391
img_cdckj,463
img_bzgbd,140
img_qj3gu,196
img_m5cpt,62
img_ffgtg,321
img_wg719,80
img_7qssv,162
img_h1reu,91
img_ma3bv,467
img_25wwe,3
img_vb3w2,499
img_eo0ko,392
img_36k9p,48
img_lrhik,320
img_a8bx4,320
img_6wnxv,221
img_nyy0c,24
img_uvw0x,373
img_jyd6k,346
img_yl23d,57
img_8hko5,230
img_e2s30,256
img_7ikji,390
img_s93hh,299
img_r4uqj,322
img_z7ghj,60
img_55sfy,301
img_owcr8,194
img_gs4n3,446
img_i280g,203
img_i1xh5,375
img_g0thp,334
img_krcn4,161
img_3m61e,64
img_uqqxs,320
img_h5who,158
img_0vf06,94
img_9ojh9,320
img_n68ik,336
img_j3exf,208
img_derkt,424
img_aawsn,104
img_3pqci,350
img_c0sfw,253
img_0n7ae,176
img_pmx8k,423
img_90u0q,214
img_4j4hr,194
img_zbhxq,168
img_i41jg,234
img_xditk,439
img_pagj4,202
img_ygt3t,475
img_98qhp,446
img_puim5,204
img_89fwl,370
img_onjw0,112
img_lb6io,397
img_6x0wx,61
img_f0hxq,486
img_ku64i,5
img_u8psh,278
img_swt8q,493
img_nhd68,372
img_ajot5,204
img_bd94r,45
img_52d0r,360
img_inpoq,324
img_2cyi8,377
img_53oe7,262
img_6ozyb,143
img_4k2zn,321
img_hogjx,40
img_r8skp,437
img_u1lcu,366
img_lbg7i,344
img_9xwtp,141
img_3rojf,165
img_lo8d0,190
img_hcotf,305
img_ec725,27
img_ch27f,146
img_x3s0g,278
img_0u8rk,245
img_m1k62,460
img_1gneq,303
img_19h77,190
img_d71nw,340
img_7cji1,212
img_1kqra,149
img_a1292,147
img_txxjf,300
img_srzld,315
img_c9n9k,262
img_dajpb,370
img_gr5tl,248
img_72fik,44
img_okc8u,320
img_mk32b,321
img_e0x8g,466
img_vwrfy,307
img_xyqbz,137
img_opdps,294
img_39h9s,120
img_ow5s4,227
img_tl45g,329
img_4te04,355
img_xm36y,486
img_tf5v0,68
img_zdkbw,42
img_5q42d,320
img_i3zdn,202
img_hlck4,248
img_5cuu7,211
img_qn5t4,118
img_qjvvc,161
img_bl6jt,317
img_336i3,271
img_rl5e0,380
img_it39h,208
img_6vgc0,427
img_ms8lp,305
img_zvup4,459
img_hzzk0,460
img_53ewz,240
img_0u8mr,39
img_tt98a,43
img_nc0kb,307
img_muyya,278
img_0p45q,316
img_if9o4,429
img_64ale,309
img_37iz8,344
img_9a9ul,112
img_3smjt,354
img_1l60q,128
img_gm51i,279
img_xg0fh,484
img_15bea,194
img_wsvb3,164
img_0x4g2,235
img_iebxl,273
img_ww2hg,176
img_njejb,252
img_fgrn6,285
img_83qcl,38
img_k6iiv,160
img_k1qym,65
img_7utj4,377
img_jmyv8,421
img_3mnfw,460
img_4qu5o,320
img_vnzsv,227
img_v8ue6,364
img_q11al,339
img_hsvvx,320
img_7jgr8,208
img_nbc44,436
img_va697,89
img_t211a,347
img_g3i9d,399
img_j5cel,226
img_6mnpz,300
img_jtgvk,305
img_5wdvu,465
img_rj3jb,193
img_wv6w1,499
img_wgnny,407
img_onzde,462
img_i635x,295
img_155j9,444
img_03v2f,97
img_yi5m8,424
img_tf3ej,215
img_2z596,301
img_yutfw,127
img_u8ncn,173
img_jnuma,391
img_6dm2f,404
img_on5yx,37
img_kq1h5,235
img_s2beq,406
img_2t12r,363
img_lo0it,223
img_q7ccv,380
img_z9e99,110
img_vxjjl,429
img_nann6,41
img_h8wz4,273
img_bzhfu,271
img_fi989,255
img_qlwxt,455
img_75u3f,498
img_bw9ob,31
img_2y545,487
img_4d8p8,320
img_iykui,257
img_77x8l,95
img_wttye,215
img_wffsq,72
img_sdnza,253
img_yxqus,364
img_ucqy2,392
img_6p79l,367
img_6o544,493
img_0syb1,120
img_7zvpg,419
img_6az35,159
img_1rl0r,425
img_gx99d,214
img_d7379,489
img_0kw7c,384
img_7kxn3,174
img_domo2,423
img_uzj66,116
img_bznic,440
img_fab4i,313
img_tti06,303
img_al509,463
img_5hh9x,478
img_8gw78,28
img_gmsvm,378
img_s4ldl,204
img_tmeba,183
img_ww6ae,263
img_rb82a,74
img_r3swe,320
img_amhq9,407
img_83x5b,37
img_80kad,318
img_66yad,211
img_i8b62,364
img_q0num,278
img_jfjgc,270
img_xzln4,32
img_vj40n,370
img_4crrs,183
img_r1sm4,247
img_k97l9,61
img_86ui7,317
img_22e33,73
img_4cdtw,300
img_dqxpu,204
img_x5z81,86
img_lwmq3,456
img_ix3bb,460
img_o31ah,208
img_eh4yn,15
img_52yg6,419
img_kvo76,393
img_ztg7t,202
img_5qw0t,69
img_xuqvm,329
img_k3ids,460
img_wznxn,320
img_xf65c,98
img_9nlqh,358
img_jdpen,173
img_rh33z,483
img_szwal,411
img_2tndm,463
img_1bw6x,258
img_bmsh9,252
img_ih9tc,335
img_54a5i,91
img_3y2ri,246
img_itk0i,234
img_76o3z,320
img_xkrwk,204
img_pek8f,306
img_m8v7u,65
img_p2w57,203
img_h58pz,371
img_xqnrv,81
img_vza7n,395
img_gypdj,373
img_wj9wb,289
img_kpnjw,417
img_wcomo,116
img_c8gjd,370
img_suyoj,251
img_jp9iw,425
img_bpbov,290
img_t6sou,388
img_wz2h9,81
img_zebe9,48
img_xuk32,118
img_5a48p,147
img_2tpzm,320
img_gp6jj,196
img_et34u,151
img_ftpwm,107
img_ha3da,406
img_bl659,194
img_7mnnw,370
img_utdq0,5
img_4j9my,111
img_lsv0l,235
img_dv55h,184
img_8ehb4,99
img_fn413,275
img_yr6y0,302
img_eg14c,8
img_kac7i,468
img_t87j0,50
img_i7xde,131
img_u3500,443
img_ml9f9,27
img_li208,457
img_5vzrw,67
img_gmr6b,6
img_un963,76
img_16cvo,445
img_wsx3d,437
img_nfw3f,320
img_8w1m2,252
img_ar5u6,291
img_jwxq7,75
img_yf26l,345
img_8jmn4,372
img_5ita4,112
img_idm3n,388
img_2cqmm,22
img_xhpin,422
img_np919,407
img_zit9e,5
img_6h1li,453
img_5wo5k,453
img_qpe6h,208
img_f2id3,483
img_qe6l2,178
img_ghav5,182
img_lq4fo,460
img_15xcc,320
img_i3yts,256
img_r4gpl,460
img_qe7lr,468
img_h8nxw,291
img_zedbf,246
img_52cym,425
img_r4a4k,301
img_3f5oh,383
img_h9gak,143
img_fvhiv,486
img_1vwg0,159
img_xhczt,344
img_sa7yc,205
img_uygag,277
img_emumx,459
img_qlloi,273
img_kbr7c,386
img_krga0,82
img_6dq6b,459
img_ka6wo,227
img_47x7y,446
img_gcxu8,314
img_myokk,63
img_stt4l,174
img_0m4vu,208
img_n5z6n,172
img_962lg,88
img_lbl1c,184
img_mtumg,177
img_x5s0t,240
img_myslt,434
img_26rvq,137
img_p63e0,310
img_b3xov,214
img_iofgb,49
img_wkml7,294
img_4zxre,77
img_dqejr,369
img_e1n5z,435
img_6h84t,215
img_arfjt,405
img_au9xn,320
img_8jxj3,48
img_jgty4,31
img_llrxx,113
img_rhk6x,335
img_ik8me,320
img_6vi47,450
img_a6n6d,440
img_hgikj,44
img_2n9cr,316
img_bbpyt,103
img_uba7b,469
img_4u89a,405
img_92407,370
img_tnjeo,467
img_eegc8,466
img_4o8zm,404
img_bsvdl,402
img_klp9i,320
img_oo36r,81
img_ixmkt,309
img_i1opx,373
img_k57dw,360
img_8fn3k,377
img_rsugt,498
img_2isn6,211
img_uec46,158
img_rrl4v,276
img_tpfip,381
img_35sdy,457
img_hlnxi,380
img_a64p2,103
img_zvwxh,265
img_olje4,401
img_1adf9,153
img_1rmgt,156
img_onl8i,225
img_o8o54,151
img_udat4,477
img_36sxp,256
img_ttaiw,393
img_6hjzq,285
img_lv6fc,210
img_bp2bz,360
img_ynldk,305
img_q8yc7,356
img_qvva3,309
img_5dgb2,27
img_xmgfq,94
img_36ony,383
img_ctnq7,78
img_05ypj,336
img_sxtcn,305
img_kq21t,306
img_dk4x4,146
img_pms6s,361
img_inq56,405
img_2d27p,486
img_j1oqz,496
img_4d3hi,435
img_vhljm,278
img_wv4ma,375
img_kclp3,278
img_0f3r6,491
img_6rfw8,138
img_bt7qe,467
img_mmbmg,320
img_g75pl,425
img_n2el0,190
img_hsc4l,301
img_w51hg,22
img_67ha6,33
img_swhez,320
img_n9vds,203
img_37qn5,43
img_chnfb,456
img_2pfgu,320
img_9zv6p,202
img_bc2v3,46
img_h3zrf,268
img_4a0sx,49
img_ouar1,305
img_psrho,453
img_ybrkm,190
img_3urxd,383
img_7n3gn,422
img_zmwij,146
img_cphx2,287
img_uc6oh,464
img_e0ch0,343
img_wvi1k,305
img_yepee,273
img_xnlr8,443
img_2vwk0,357
img_z96aq,150
img_963mg,277
img_isb6l,252
img_jh8hl,370
img_vlyab,317
img_nvbtf,143
img_dg0wp,243
img_c5yj1,206
img_bszl8,344
img_tjyit,232
img_cqr5r,380
img_csr5s,73
img_0usau,33
img_tnq62,103
img_7x6ks,475
img_w8suc,478
img_j5j43,282
img_k8nb9,464
img_edo4m,194
img_i4qpd,221
img_f2dp2,137
img_j76ag,273
img_e7pvf,246
img_w13mm,44
img_ggcro,195
img_wct2v,419
img_oac4o,37
img_por8p,183
img_qjyvn,383
img_ngro7,325
img_6q2zo,136
img_7qnem,476
img_n2dx8,444
img_0tfav,171
img_6bsmi,474
img_hkj2j,126
img_hu9gw,256
img_sx4qw,229
img_ruiqz,421
img_lrdj1,440
img_px86u,78
img_5ijm5,99
img_3vw82,499
img_y9f4f,444
img_ndlx7,174
img_qbluc,190
img_pqoc0,155
img_pbw4x,498
img_nqcpn,463
img_yfe0p,53
img_tlc2f,490
img_qdik4,490
img_zaski,63
img_qkoac,80
img_dfmdq,346
img_yjoqo,204
img_zcq6p,380
img_qwt1g,178
img_xzh2c,164
img_z92dz,322
img_tdarw,146
img_i5sxy,467
img_whn7c,22
img_5lea0,374
img_8x2on,325
img_r9o81,452
img_5usjd,273
img_wo6yk,181
img_6noyd,252
img_3z5zt,466
img_pk3e8,287
img_jq2z6,339
img_0ced1,5
img_17z5b,466
img_iukpx,355
img_d8hjg,140
img_b8koi,421
img_ovqmx,383
img_r54el,479
img_4iymg,30
img_wt5hm,331
img_9b7jq,307
img_8ult2,337
img_jtnvd,479
img_tyd1x,320
img_g14t2,490
img_fj1gj,383
img_cj57v,204
img_z2q5q,347
img_vu5ki,190
img_df9qy,143
img_bw56x,377
img_hipqb,139
img_6i6ne,435
img_x2497,95
img_qht98,475
img_lpe8m,21
img_k3r8c,59
img_9pw1p,320
img_ro3zi,320
img_lmpov,228
img_3fpen,467
img_t382y,310
img_q6n67,380
img_9mnr2,460
img_vfs9a,458
img_ob7yj,234
img_7xr7k,47
img_5k9k2,22
img_af4r0,171
img_rlqub,166
img_b6pmx,98
img_2radx,406
img_a6of2,184
img_0iscs,256
img_8ho8n,197
img_ykutq,36
img_7w5ce,260
img_31pj8,208
img_fzx1t,383
img_lc7ln,475
img_kca7t,53
img_txxwj,324
img_zx5nf,442
img_4od40,241
img_ditft,414
img_eje7n,299
img_5t54j,157
img_iq4d5,481
img_5dtjj,490
img_oa6rc,424
img_rhs0u,82
img_o11zk,442
img_glafi,193
img_nz3nr,401
img_jflfx,58
img_5dsr9,344
img_enke6,242
img_iyj4r,83
img_qht2j,229
img_v79v9,320
img_fza7p,79
img_fdqm6,453
img_ei8qr,13
img_ng9q1,381
img_2xlu9,158
img_v2dlq,325
img_q964w,211
img_5ihd8,363
img_wtz48,229
img_zfx7i,105
img_mhxrj,247
img_37zui,62
img_5nzwj,155
img_pcrc6,265
img_6aqte,103
img_32o8s,97
img_qdi6i,320
img_mb8a6,208
img_6yru0,322
img_gccfx,320
img_phr4z,247
img_hw1z3,320
img_mzzat,446
img_5vnvq,94
img_a9v0e,208
img_d9jd7,335
img_u7fs9,462
img_7m5d5,373
img_84kg2,144
img_as0na,36
img_cck70,278
img_gpahw,146
img_c82jr,15
img_nlx7n,222
img_2rsqr,39
img_1lcp5,6
img_ejgdt,65
img_d0rtl,213
img_etl4t,473
img_97uj2,277
img_3krn3,95
img_3ew9q,245
img_vl9yz,24
img_hi5bz,87
img_ccy4c,234
img_tga8q,193
img_1p4ll,401
img_zneqo,449
img_je1lv,281
img_kesw1,163
img_jdp9y,83
img_jerdj,310
img_dqpa6,314
img_p83ak,347
img_2vglq,241
img_r78f9,123
img_gx9wc,192
img_j3j1j,246
img_vbcq0,458
img_5c27p,378
img_r5w2g,52
img_zazi7,305
img_d7k5d,252
img_ix8sz,71
img_nt8gs,292
img_6qgsh,311
img_tiit1,381
img_578ew,116
img_q5tnu,16
img_rapr4,157
img_vcru8,420
img_v66v2,112
img_avrcp,320
img_w63ck,178
img_2db5b,48
img_dvmh4,318
img_vfsmo,320
img_9qgyg,320
img_bysry,84
img_n474c,227
img_7n94r,207
img_ynzom,320
img_40ywi,305
img_vgzd8,359
img_ll1h5,287
img_oofri,320
img_p9tw2,155
img_yhsuz,57
img_udj11,481
img_3amd3,108
img_i9g6h,148
img_jb1ce,390
img_2q5gf,488
img_tff7n,156
img_4sd6h,471
img_pi71v,453
img_5zmie,76
img_7jzde,203
img_crwfy,13
img_41ygn,36
img_xzox1,452
img_iyvxb,440
img_59bhl,321
img_tj2e3,98
img_jbwqe,179
img_88m9v,174
img_e04zs,96
img_f82dl,468
img_o0in2,320
img_mmcqs,216
img_4ywkw,39
img_pxezv,193
img_oxyq1,391
img_zgc4k,324
img_33473,467
img_aw4jq,313
img_66ypy,405
img_wo3or,78
img_o2o99,2
img_tqu87,401
img_nvwx6,432
img_jxvlb,119
img_6y465,37
img_s40qq,204
img_cw51k,208
img_mocpj,32
img_khox6,163
img_dazj2,395
img_wi9b4,355
img_gea7l,467
img_7ctwl,320
img_pnts7,490
img_g6fdz,328
img_0eyhh,320
img_uioqg,320
img_npjpp,6
img_oep6v,204
img_yyie8,214
img_t825c,247
img_cisuh,395
img_i21fq,496
img_cg4tj,250
img_inhnm,140
img_f35u0,251
img_6a4tt,378
img_madn9,204
img_qzdmy,449
img_hgh0e,488
img_b79ph,440
img_51glc,226
img_2vwxd,305
img_v6lbx,401
img_vl87f,293
img_jl1qi,373
img_hnj2b,207
img_3rqdn,281
img_rr2g1,252
img_qpins,242
img_rkcof,421
img_ili1m,130
img_oqzck,320
img_i95c6,101
img_j9kyw,243
img_9vbkd,173
img_p1za7,457
img_ajvpz,428
img_i3qti,194
img_fpa18,303
img_0vuv4,208
img_iyq8g,292
img_qdnrh,320
img_8ioje,404
img_nkdk7,63
img_3t1kk,214
img_3jbxk,328
img_902cl,84
img_cdrjp,206
img_8p168,203
img_nwsyn,313
img_p4hck,467
img_n9sjy,280
img_e1nek,438
img_3tbqm,98
img_b272l,480
img_3n7u9,204
img_zn5pl,227
img_551pm,37
img_p86zc,263
img_xjfsl,18
img_dqlrl,342
img_oxtkm,37
img_qxgjn,477
img_nxcyr,321
img_71kpa,287
img_5zxdt,255
img_g29ya,101
img_lxrp0,208
img_rlx8d,82
img_vr8c3,490
img_du6qw,167
img_41qki,196
img_h4slx,80
img_y1sll,43
img_qxq81,384
img_xs5zk,394
img_07fik,250
img_autbh,406
img_vllaq,473
img_as3py,23
img_648zw,440
img_0064a,6
img_uvvml,45
img_jfpp4,208
img_kr3kz,241
img_34wtj,215
img_d6cpv,75
img_dmet4,468
img_0nwm5,344
img_6egy7,265
img_kwht3,303
img_b3rlx,320
img_g8rh1,21
img_iz398,13
img_ebng9,271
img_zdvi4,172
img_obxq4,22
img_bh886,85
img_55myr,308
img_ail2e,86
img_ej5jr,322
img_5ct6l,401
img_a64hu,427
img_id0if,320
img_p7q3w,0
img_7d78j,238
img_kzca7,227
img_ygha2,134
img_5vqj1,184
img_2c2cx,252
img_ty7h9,339
img_i6lpg,420
img_krc2d,159
img_54zps,499
img_uhz7v,278
img_fzd63,77
img_1ocg9,320
img_tmgae,252
img_oun6b,199
img_4ls7t,320
img_obpw6,138
img_7kbw0,455
img_0n70q,330
img_l1k16,123
img_prsuo,47
img_0pixt,171
img_s24nf,399
img_cd2ai,37
img_optbp,216
img_77ebc,190
img_782wu,493
img_byntk,206
img_uy7ww,477
img_bwfq4,277
img_epvz5,331
img_h5fxy,214
img_2urap,240
img_k6mbn,114
img_44ic4,122
img_4i8am,467
img_6jixa,170
img_evjl0,298
img_qot1u,6
img_kzuxk,396
img_zphe6,58
img_9m7qj,345
img_oviq0,360
img_mdnw2,294
img_c0tnc,363
img_jpry1,467
img_a577i,272
img_9a6ka,151
img_9c7fs,220
img_riv3b,320
img_3ib5v,186
img_7kk24,458
img_7q06n,182
img_zokfu,9
img_ycqbk,320
img_aa42g,193
img_69bnr,8
img_iii0a,51
img_87h2d,411
img_har9a,224
img_ro3n5,73
img_zrmm9,446
img_ruphh,243
img_eybux,232
img_fz4b2,183
img_b359w,37
img_qt76f,340
img_9r1ck,357
img_oiaj0,251
img_grtju,6
img_2qn5w,307
img_dzkce,380
img_ffrg3,329
img_4bgiw,375
img_an9ji,363
img_zasoi,183
img_smfdk,355
img_ecqdz,63
img_uwiso,383
img_i5u4q,331
img_n7h0j,412
img_flt6e,331
img_537gk,320
img_svavu,344
img_0vl9g,414
img_1oe8z,395
img_q7fri,321
img_rmh13,50
img_lihbd,146
img_ymk5t,194
img_hjqd7,68
img_12bqd,396
img_a3vof,474
img_iyudz,94
img_ygvcg,245
img_a5c6u,383
img_977ur,382
img_ysggj,219
img_j3tkf,198
img_xod82,278
img_7ldgh,99
img_pm0s2,68
img_v7wbm,43
img_bbean,419
img_w6tsi,37
img_vbz1n,264
img_wyekw,193
img_2qrhh,268
img_wxtj3,459
img_czawh,450
img_5duy5,493
img_97xh9,82
img_az5gk,457
img_oflku,495
img_os216,98
img_mi5uz,159
img_e97dc,278
img_275ik,152
img_1zs0d,78
img_flvi1,340
img_dsr7x,141
img_496n9,475
img_mzevs,264
img_bzui9,484
img_fj520,336
img_0xia2,76
img_yrjj2,215
img_pj5c3,206
img_5o9e3,95
img_sahqy,38
img_wxset,460
img_tf8zz,412
img_ozztn,305
img_qkjy9,146
img_kg6pm,142
img_du0s0,280
img_69asv,367
img_mm5ru,60
img_44qq9,208
img_ulrfm,461
img_uyzh6,380
img_yxirr,435
img_ky31j,19
img_2fisg,67
img_xx2xs,77
img_juuuw,377
img_co6vx,449
img_yepwx,23
img_hk41z,342
img_kzc4b,28
img_wftxl,116
img_u0w2i,253
img_zjtrs,115
img_gdpy7,204
img_te7s1,229
img_ngci1,162
img_7ioax,320
img_30ifw,421
img_33dw0,226
img_clk2s,164
img_im9d3,206
img_6eko9,49
img_w1mev,290
img_lwqz7,470
img_68fi7,496
img_eq30f,182
img_6kt3t,9
img_ku86j,102
img_hlsce,151
img_eus3o,380
img_fm790,162
img_xv9pr,320
img_ll9nk,244
img_8r48w,17
img_qh9pf,191
img_vvkj1,299
img_rks2o,101
img_9tgbs,146
img_2vsxj,305
img_p4zq4,103
img_q52hp,180
img_0umrh,350
img_5x0k6,305
img_9li3v,351
img_t41an,68
img_slxm7,290
img_25ic2,79
img_l3b1q,351
img_id38n,291
img_z3l8m,373
img_5z3fh,94
img_1ilw0,37
img_nadyh,496
img_03pzr,382
img_am3d1,25
img_yz0mr,2
img_i17mv,206
img_ler2q,431
img_uy93q,407
img_34zc6,393
img_dblv7,127
img_rv5nd,182
img_xxxj8,5
img_icqot,145
img_7mnn4,465
img_s1lqx,10
img_7j8jw,193
img_5d1a0,310
img_prwb1,196
img_mjopg,37
img_szed7,470
img_xx8ya,426
img_5nit9,457
img_b7df1,472
img_yx0y9,427
img_0ikp1,99
img_hvq5w,460
img_8r65a,127
img_zyb7x,208
img_k4shx,144
img_gxtm9,145
img_jzfn5,450
img_71ucj,392
img_r69pi,419
img_kfbkk,185
img_8gwhy,214
img_joir8,466
img_tk04v,320
img_dimu1,72
img_sndmg,256
img_mopxx,243
img_sek62,222
img_py39o,142
img_i5hy6,487
img_zhc6m,219
img_ps5xv,419
img_0zpto,214
img_pmhq9,441
img_r3w9k,100
img_5ts64,36
img_yoth0,474
img_weab9,282
img_owk6e,126
img_3tmus,320
img_8p1cm,92
img_647no,426
img_139tb,48
img_ah9v6,194
img_upisq,453
img_9s9eu,408
img_o9xkt,112
img_pz1fa,465
img_hr1wx,482
img_702q8,278
img_5qp0h,465
img_sp15s,183
img_h80v8,343
img_ssfh2,208
img_2xnpl,320
img_e1mfu,380
img_ti1bk,467
img_wvva4,155
img_e31dw,305
img_15ua7,131
img_soq7o,44
img_hbdi9,255
img_3t8rt,278
img_r5xjv,405
img_mxhmc,164
img_dmbtf,226
img_as5ag,385
img_mjf5w,60
img_7bzal,475
img_g6ges,435
img_u1lxf,175
img_4hzrh,21
img_x1z8p,127
img_1p2dn,45
img_m1y2x,143
img_dpthi,41
img_iet6m,329
img_4rxq1,110
img_2fxt5,10
img_pmcpo,463
img_oe9dq,397
img_0agat,409
img_18o50,238
img_pbxl7,476
img_spdn2,443
img_f4q6p,226
img_oj4k3,440
img_f8ylz,264
img_huq90,146
img_67673,365
img_ok9sh,368
img_b1u8s,196
img_3huvq,461
img_3jg02,103
img_jl7au,320
img_7v8db,469
img_oll2r,119
img_535o2,204
img_n9mel,405
img_6l7cj,44
img_dwku8,162
img_wgvkw,123
img_j3e21,211
img_a1kzh,73
img_0jegd,10
img_l0wzu,479
img_wamo2,453
img_udtb1,320
img_1077r,12
img_wxm99,27
img_gch3z,408
img_p6zgf,478
img_d3y5i,430
img_1qaps,484
img_4sniy,403
img_3odyi,243
img_jambw,122
img_6bbvn,320
img_j026y,459
img_y1rmv,265
img_s8ytf,496
img_nuwpq,320
img_4t7sk,116
img_drm6t,288
img_wjjph,372
img_ukkm1,199
img_5r7u8,425
img_d681e,196
img_eys02,188
img_m7dvs,125
img_af9o4,346
img_m89to,476
img_ca1ox,54
img_1gj4o,148
img_8y0nh,491
img_pofnn,336
img_41m56,496
img_rn8t3,325
img_2t73r,92
img_34mv5,174
img_7zkvn,250
img_dyg1j,320
img_cpn1y,265
img_ufru6,234
img_6wirh,399
img_x87xg,179
img_q873x,467
img_9teza,288
img_zzciu,107
img_90qn5,370
img_qm8jv,108
img_gbsg0,423
img_8b8bm,379
img_yvegx,33
img_qw2ds,496
img_1qi4t,193
img_9wiy0,136
img_owxle,488
img_19eq2,138
img_dq06c,37
img_6j8nx,98
img_hdn4z,37
img_c6hik,28
img_hfk9q,133
img_fk7ul,335
img_0kn06,225
img_8edla,419
img_kmk2g,184
img_xdt9s,466
img_u4x1o,250
img_e7wgg,269
img_b9bdn,157
img_t922r,369
img_c4u1z,170
img_gn3gf,127
img_p7iso,322
img_dgedl,391
img_1tr6e,32
img_a45vr,481
img_3xldj,245
img_mllbr,190
img_4ciyj,475
img_851iv,252
img_mhzdy,75
img_zyy7x,178
img_q36e7,185
img_iwl0y,157
img_o8e8e,144
img_6ygxl,265
img_qxrm1,371
img_b54gd,68
img_tc850,252
img_m0son,270
img_r86or,299
img_jkzqe,383
img_tk3x0,206
img_d3n5l,375
img_ehyi6,177
img_p3s4t,5
img_2qsvo,413
img_55t6x,291
img_qyvq0,97
img_ro8ch,370
img_t0v4i,392
img_w5yzb,234
img_y6xrh,496
img_bx8us,69
img_97a7i,32
img_tj50z,370
img_fte3b,208
img_xw903,369
img_m1noh,137
img_llg2u,206
img_6b0mj,208
img_edm3u,142
img_0za38,187
img_dpwcs,212
img_wg7p7,67
img_lwngh,32
img_j4jc3,265
img_91831,143
img_lz555,481
img_8de1t,450
img_zle96,379
img_fupfu,70
img_qy702,154
img_qq0n1,361
img_f14wh,193
img_7kj17,301
img_xgiqw,305
img_i0kcs,238
img_mdg3g,208
img_z302v,467
img_7d4g6,184
img_t7r7b,360
img_gt78b,384
img_4fn65,273
img_0ysve,320
img_qc3cn,79
img_0ocig,216
img_f5x9o,326
img_82znx,118
img_2vm5x,174
img_5adn4,407
img_vzpfh,208
img_vptym,384
img_76j22,383
img_88ir2,353
img_kypep,184
img_h99j8,419
img_3wcyn,443
img_fewtf,157
img_wyu2q,291
img_ed0vm,257
img_h0o5h,265
img_7ygl0,248
img_j3w1x,477
img_y9d2e,21
img_2y9b0,273
img_dmvvf,320
img_ovlzn,71
img_hvx7w,211
img_h2d6u,282
img_fhq09,309
img_t2zdw,10
img_i866q,476
img_7xn37,334
img_8b6mi,375
img_kzz5v,39
img_dnv5v,133
img_8zs8t,187
img_w5ipt,17
img_7rmgr,366
img_maabu,361
img_1w7r7,465
img_0c1kp,222
img_z85cw,232
img_c8yzs,244
img_lv268,336
img_opq9k,277
img_g25oq,249
img_rjb6k,245
img_gltr7,435
img_76v5h,136
img_4we3k,435
img_7yzy3,58
img_l0fbl,414
img_1sk01,10
img_ryvg8,191
img_1ack0,454
img_xdksv,336
img_7k4tl,94
img_t0jeo,81
img_rj3ec,351
img_07wml,188
img_4q5hn,410
img_kocan,208
img_1zz0y,292
img_ccmqw,399
img_3am8l,305
img_9qqgy,27
img_sn0s5,62
img_09ps5,95
img_sxr4w,299
img_jngyx,496
img_9x9s5,134
img_9k8zo,456
img_ki7ch,130
img_pwfhe,373
img_3rkny,380
img_96nru,435
img_bglen,87
img_37iqy,440
img_ucr3l,364
img_7zdg2,20
img_3hias,339
img_dr3zk,372
img_43l60,452
img_sr8aw,423
img_o22s5,195
img_534w7,426
img_h0g3k,16
img_wm0au,225
img_m7eiu,478
img_teywo,226
img_1elva,95
img_ik131,456
img_9cjoj,208
img_cwxw0,228
img_x2eel,417
img_gdquy,41
img_ssszg,345
img_y4xkh,466
img_mbh7v,439
img_7hpdd,28
img_leis4,360
img_iikfw,473
img_0p46h,383
img_153o6,292
img_4ix5u,320
img_dgum5,207
img_53l1k,192
img_qbt96,471
img_xgtdj,150
img_k6icf,213
img_t387b,31
img_elz9f,378
img_3jzyq,55
img_c2zg8,77
img_m8vt6,30
img_5ep4b,418
img_blr31,58
img_01syh,220
img_zqqw5,418
img_giokc,367
img_bq8s0,370
img_zpcmy,370
img_0wtuu,316
img_xs8k8,315
img_zgkko,82
img_yufhg,443
img_8jijv,231
img_xr3wo,207
img_f939m,107
img_38jao,256
img_llqou,232
img_gfix1,65
img_3plgy,5
img_g4205,455
img_idl8h,137
img_reoej,157
img_395re,111
img_p8zmh,45
img_ycv1y,101
img_0h9va,252
img_mdii7,62
img_6t0dt,23
img_4rkto,404
img_arfp4,171
img_dyq9c,162
img_sh5pq,265
img_wdarq,485
img_7igfr,196
img_29znw,232
img_2hj1l,313
img_blzjh,460
img_svm4u,62
img_9wx8n,278
img_lbyer,112
img_6cpyx,29
img_a3jls,319
img_e05ds,75
img_ho8hn,320
img_fz1kw,425
img_59dm7,94
img_h5btz,208
img_hbv3h,214
img_mpbuy,100
img_vx3x6,474
img_vq60t,328
img_edgbs,395
img_paf89,320
img_03y98,23
img_uekl8,134
img_uaaak,95
img_sgmy6,56
img_k1cmn,190
img_ijrs6,457
img_abrp9,494
img_h9kex,467
img_go0u6,324
img_58vo4,484
img_f8olo,440
img_415ya,131
img_opng9,260
img_h8eme,206
img_a5ko0,175
img_r9h1n,213
img_4dns6,41
img_j77et,70
img_a0z99,37
img_cp9ez,493
img_u5top,414
img_99hof,66
img_a6kib,243
img_ppmz7,496
img_n1jlg,230
img_azh0y,460
img_xe9a3,129
img_3jjx6,413
img_8j2uu,248
img_qf7q4,263
img_upljy,397
img_42qdi,275
img_utbt9,320
img_fblgn,107
img_6921l,151
img_a8y7a,462
img_gh0rh,193
img_6vgnb,378
img_wuoyh,60
img_ckjnb,315
img_bpob7,305
img_o3f8t,346
img_iavx1,310
img_hvu2x,199
img_03acq,194
img_3j634,114
img_i1yb8,86
img_zx57s,284
img_qohwv,460
img_th925,467
img_t2z8p,483
img_hnlej,278
img_yknmq,498
img_hj9py,62
img_d27h7,365
img_v947b,206
img_up7qq,154
img_qnfi3,320
img_eboba,490
img_daorx,485
img_g9jrw,450
img_uow0h,204
img_5v9sr,461
img_ablmj,460
img_o02hk,264
img_e5a10,49
img_39dyb,193
img_kfyhx,2
img_nvmu5,208
img_x9hj6,19
img_6i6pk,103
img_hf49e,139
img_39ju2,196
img_8pde0,320
img_urr67,32
img_56405,292
img_vcrcg,13
img_os264,105
img_sfbd5,383
img_5sc15,116
img_499r1,103
img_g15i1,408
img_zpxby,10
img_vafxj,201
img_ei69p,22
img_643b1,200
img_cdcgc,468
img_5cprl,2
img_qwrfb,457
img_4qitq,310
img_tp41k,237
img_wd4w2,189
img_xhuza,465
img_2xbv5,212
img_9093e,365
img_yms5u,130
img_dqql8,421
img_ldzyr,294
img_anbok,221
img_0sx9p,51
img_u04hm,380
img_bp3xh,9
img_hcre1,425
img_beb1v,317
img_zqc3k,381
img_a4n6j,46
img_tab9e,165
img_mzlk3,219
img_l1j86,20
img_z9zt3,383
img_8m05a,253
img_g8s78,253
img_9uip2,496
img_7a02q,491
img_0dva0,37
img_qlmbb,52
img_e3mh1,227
img_jv894,320
img_li53o,388
img_1siya,146
img_t5egk,250
img_gbk3t,371
img_17683,127
img_rn12n,287
img_z1ry9,369
img_6zkk2,221
img_7z9d5,370
img_io4p3,43
img_1sojn,238
img_m02i4,281
img_jx81x,412
img_gzuik,334
img_8afkf,282
img_87rca,125
img_l1es4,101
img_igot4,449
img_sdpvz,93
img_648g3,370
img_ay1o9,432
img_78i6p,13
img_5g4ty,214
img_fzkr4,335
img_zkjtq,170
img_ee43l,464
img_sdvpe,320
img_a0yqh,365
img_xr9aw,177
img_etvid,246
img_jgpb9,423
img_uki8b,460
img_2w60e,354
img_aoz68,21
img_k1g43,313
img_aow03,63
img_x06nq,268
img_q4ln2,259
img_2xlez,78
img_dif9k,92
img_e7k7z,230
img_9d0il,221
img_6z9r6,134
img_fynww,36
img_1m2vz,317
img_azpho,92
img_ddk0e,301
img_n1g0m,320
img_y9c3b,217
img_ij5yh,320
img_2cbiy,460
img_elwb7,168
img_1whvp,226
img_zy6ef,85
img_myada,295
img_fomz3,381
img_mqo4c,28
img_6100e,69
img_z5lcj,269
img_hpmwp,332
img_ddy70,360
img_ws14j,129
img_8teyf,20
img_c83mn,214
img_km4hg,320
img_4wj2m,191
img_46kt9,308
img_nojs3,324
img_339y4,28
img_l5aao,497
img_pr9oq,282
img_9xfxu,383
img_ypudt,361
img_mqd9q,287
img_aj4ow,76
img_30tj8,397
img_33lka,71
img_yi6e0,461
img_i8pzl,337
img_ynyew,204
img_qpfct,264
img_fc2bx,422
img_ud3yx,201
img_fteul,370
img_fmxcp,163
img_xcsws,265
img_27exz,31
img_mngd5,485
img_m6pdq,360
img_daqrv,320
img_te6gb,275
img_ipa72,419
img_jdm9o,1
img_bb11z,335
img_ktpam,489
img_k4vgh,401
img_ss7id,62
img_dgvzn,113
img_33a1e,236
img_vehu2,440
img_x8vgb,371
img_joyu7,162
img_w12al,36
img_5fghh,441
img_daw9p,486
img_7vy9k,320
img_qmqk7,183
img_uyq9a,208
img_2ngrd,185
img_gqf9x,179
img_qiv2i,74
img_js4qm,125
img_pklrv,85
img_eajcf,145
img_dcksj,131
img_2g9p8,425
img_7jvki,275
img_at3d7,360
img_mi8ws,204
img_xab9r,313
img_oej69,493
img_6fc5j,9
img_s71qd,228
img_yoc3t,310
img_xem55,208
img_45jpv,226
img_pyevi,432
img_v7xxt,45
img_r858n,73
img_zv0o5,385
img_9i99h,378
img_0zqh0,320
img_xrwhn,426
img_0ijzq,71
img_cde2l,477
img_254bw,190
img_x6h9y,11
img_hn3cn,94
img_puo8w,235
img_hnt96,479
img_1m4qp,311
img_t9g65,435
img_vq90c,62
img_nlebs,262
img_ri2db,95
img_mjg8k,420
img_gmg3w,243
img_ayqhp,352
img_xt8xp,81
img_ak7pa,369
img_us2vp,247
img_48xdr,37
img_n5syl,184
img_nrl5f,380
img_5faeb,463
img_koovw,310
img_daupc,215
img_bmlth,210
img_btsc5,96
img_v0gbe,20
img_ag0tf,122
img_hb7qq,494
img_lgpk8,8
img_txcd3,190
img_7xejv,141
img_ytqbh,105
img_pk6bj,36
img_qdgla,281
img_b13z4,111
img_9dzc3,320
img_5a376,320
img_zuoqu,125
img_8ms05,194
img_3rvzv,75
img_7d3qa,399
img_6b9db,252
img_oiypp,86
img_30kq1,80
img_8ozym,196
img_ws3g1,404
img_rspxo,319
img_11hdy,348
img_bodcv,414
img_g3wk6,248
img_uxk26,360
img_40724,288
img_zyj4x,472
img_7czgf,231
img_7hscw,46
img_ezn0z,98
img_8o6n7,139
img_2wxry,415
img_m64pj,194
img_91pqb,399
img_c4rlz,455
img_2v5zw,289
img_08idn,284
img_p7j83,416
img_woju6,435
img_td2y4,425
img_tzovn,493
img_4i83k,157
img_vj2z2,28
img_jj7w8,81
img_vd9pj,160
img_cfl9l,43
img_5du8q,133
img_ynpfm,204
img_u48bb,195
img_zmvxu,60
img_c2ykn,136
img_vdzic,196
img_oicw7,370
img_9bssa,370
img_r10cm,136
img_50bao,111
img_ongpw,485
img_inv6a,115
img_csv5a,157
img_s19wp,27
img_sufa2,184
img_zks7o,299
img_fhwq7,86
img_p15s5,299
img_i5dvv,415
img_dqwl3,145
img_v17pb,134
img_knscm,145
img_sqatn,379
img_phdte,321
img_9jk7i,381
img_41a0h,369
img_eu42t,451
img_7f87w,294
img_nojnp,141
img_lcpey,460
img_6pli0,488
img_4h6go,283
img_xo8rf,18
img_sy5fm,245
img_7caab,490
img_z3gmw,93
img_lezmv,411
img_2w0p3,88
img_01fza,371
img_p8rf8,438
img_ic7gw,110
img_0elp6,288
img_z5e69,294
img_4u6hs,227
img_38ckx,76
img_jrr0g,212
img_mtz77,375
img_krgjl,29
img_om4zi,228
img_oi0ks,218
img_8nirs,467
img_2r23k,178
img_hibn0,399
img_o7cmf,307
img_3xok4,305
img_rx1vw,467
img_2gqsg,379
img_mnpx9,179
img_4gwa4,37
img_g4ltb,183
img_rod7s,362
img_untnb,226
img_7qmgc,33
img_3iew9,2
img_1zxp5,484
img_5ogb6,214
img_b3vg9,46
img_elayl,399
img_6kfon,443
img_nlray,36
img_60uhw,420
img_vctct,156
img_dkt2q,424
img_wagv9,392
img_464je,242
img_sg0nu,172
img_3unta,208
img_xp5iv,422
img_om6s2,227
img_pd74d,445
img_96h8c,116
img_w787v,227
img_vvfnd,243
img_dwl2s,460
img_e34jk,322
img_mqo4b,212
img_smj49,494
img_r7p5o,98
img_hajc8,157
img_le2bl,144
img_d2iht,383
img_zubg9,426
img_wg22t,416
img_ffmhe,208
img_w5qmq,305
img_f64x5,134
img_klyqm,4
img_ppvzt,162
img_dk8vv,208
img_94f51,320
img_y1ssh,459
img_25ylt,137
img_klafj,399
img_r32j7,360
img_ebfs0,303
img_om5zu,320
img_a9su7,320
img_ajx5p,101
img_fv0a1,393
img_31c5h,58
img_wrf1x,125
img_jau6w,57
img_l9i12,68
img_4hm2s,236
img_79mew,177
img_qet6j,310
img_q775n,41
img_5txwh,60
img_4mhj5,241
img_i4g32,147
img_h13wn,435
img_fjpxi,496
img_hslkr,435
img_mb5p5,8
img_30mid,139
img_94q59,474
img_jesly,320
img_mboo4,375
img_rd0rd,174
img_npszv,187
img_li2vy,146
img_47tr6,183
img_v8dli,455
img_e9yey,78
img_77lgw,229
img_1l07v,399
img_kww0c,191
img_9p2qj,478
img_f1q4v,78
img_ci4wd,210
img_b4psy,287
img_076zb,77
img_cbo3b,483
img_3s2hi,208
img_lickj,273
img_yut4u,265
img_bsxsz,187
img_8d6hf,211
img_sj7um,212
img_hsdv0,311
img_49qy8,320
img_7bmo9,248
img_b0zwi,22
img_e2vw1,320
img_hkxbb,232
img_6sy1u,68
img_2pbep,331
img_k0u5q,460
img_qrfq3,413
img_j4m0d,199
img_r59r4,360
img_rlhtk,317
img_pjreg,10
img_zxagw,251
img_k2y1p,359
img_otkgq,82
img_9oo81,98
img_b3rno,26
img_e8ov7,494
img_ou33w,41
img_q56yh,494
img_gkyix,378
img_6o45j,248
img_5oc03,414
img_uqyex,420
img_h92oq,252
img_f5vv6,264
img_9vlnj,440
img_dfj82,58
img_0hhcq,354
img_4wnpe,22
img_vbccu,320
img_pggkh,322
img_56z53,108
img_u6c9a,245
img_f0inr,103
img_peddj,23
img_9axtp,315
img_x46xe,291
img_abxo1,63
img_t3mnk,446
img_tcs35,134
img_iimky,496
img_57m1s,5
img_8wv26,194
img_tjd1y,265
img_g9nbw,221
img_lrjlr,320
img_0z1vo,456
img_swcso,222
img_r6x3s,417
img_x4uwc,467
img_st0r7,208
img_4fq5p,27
img_7comh,32
img_1lmiv,265
img_dsbd4,415
img_nd1sk,208
img_awuqd,31
img_dafqk,462
img_h39b4,62
img_8supc,231
img_6m4ad,373
img_bwh2j,317
img_bl960,273
img_79vto,330
img_puw0s,146
img_8pd0g,274
img_llswm,373
img_c8akd,495
img_uviid,273
img_1tl8z,208
img_ajvul,221
img_d6jyw,201
img_vewat,45
img_4y5x8,94
img_0p6jx,162
img_mj4c0,320
img_l584p,37
img_2zb7v,381
img_nwax2,50
img_lyf6t,79
img_sgwnz,355
img_181v4,204
img_r1rlg,464
img_syixf,180
img_89ldq,319
img_x4c4j,406
img_yry5b,496
img_hu89c,98
img_w0mvg,340
img_2fk5i,425
img_c0das,461
img_vmezb,86
img_ydzfi,450
img_ct4s7,225
img_0ngkx,83
img_c9wcq,221
img_t1gwa,435
img_oofgz,45
img_pg3bd,370
img_uqqw4,42
img_5z1n8,239
img_e00mm,413
img_a559c,272
img_51ndu,183
img_5sbbf,485
img_jtvz4,76
img_t58v0,43
img_ujcq1,467
img_jel85,320
img_crqho,373
img_0evii,54
img_aq58v,94
img_j46uz,313
img_di6qz,352
img_p9vum,482
img_0q0fy,476
img_h1isl,84
img_nq172,319
img_v010m,123
img_vnwne,224
img_2gf7v,224
img_ussnl,63
img_b0x2y,311
img_q04pw,17
img_iv9tv,445
img_u9y7c,98
img_ixg5n,387
img_zv8lj,299
img_ztxaq,460
img_b5xtk,423
img_craog,481
img_o7a9d,436
img_1f4j4,391
img_cf2w6,183
img_hkeo5,62
img_wwi3v,296
img_tu159,212
img_hrsx1,90
img_m0ayk,241
img_1rcsi,160
img_7tg5y,69
img_wjzob,467
img_um9lj,27
img_8brau,78
img_8kxw5,308
img_f3f5r,305
img_gljyn,435
img_sgr3s,360
img_2iibi,370
img_5hr66,415
img_ze4on,70
img_3fcen,90
img_1dieg,414
img_oe1pb,379
img_hxotk,430
img_7ro8i,256
img_b6w0s,285
img_m88m7,241
img_avlra,454
img_bnork,199
img_8vsus,357
img_q7xrb,359
img_re59r,423
img_q1mse,155
img_cbcsu,479
img_t8f0o,278
img_nxjfq,320
img_stkxi,81
img_bxzjm,8
img_9ywhb,468
img_tw7jc,476
img_uxnh9,203
img_742y7,39
img_1xvq4,395
img_5nivz,384
img_80kx5,408
img_31n4d,465
img_zkuym,128
img_k2ujc,174
img_inf4b,165
img_c43n1,218
img_voxxx,166
img_yrcfy,222
img_zllr1,131
img_2ccxv,204
img_5oujd,129
img_yj2v5,132
img_9xwk9,479
img_ppqoz,380
img_rx9oj,425
img_r250i,310
img_86797,114
img_197sy,471
img_85xwq,99
img_jj4d4,75
img_8v5ux,320
img_ir0mh,167
img_lbn4e,322
img_vq7vl,154
img_xbtdw,164
img_2la1q,460
img_w0b2l,44
img_olj9j,496
img_4z42m,81
img_n79u8,115
img_c6xr8,115
img_afkqh,370
img_vg18j,494
img_n7d87,260
img_rg7ox,401
img_hn878,29
img_wlcd8,148
img_lksw0,98
img_qq1le,425
img_o2sf2,99
img_nxdcb,63
img_fyqqk,183
img_kmhlp,248
img_ksmsb,420
img_r3014,373
img_paccb,107
img_c74bh,255
img_9ukfq,161
img_08sad,14
img_3yphs,157
img_pfh7t,166
img_j7u69,185
img_hvj13,198
img_q8wma,179
img_qvwqu,103
img_9i5mw,472
img_rylto,404
img_1q7pd,85
img_3plw0,265
img_3kgri,283
img_8h5y7,211
img_4c2m1,330
img_uyr64,151
img_4y4kn,155
img_z89tw,127
img_3tnq6,488
img_qiu3b,444
img_dui9p,36
img_sagma,76
img_giwr6,467
img_1fqbv,247
img_ihgmf,266
img_y3ecm,432
img_i5l55,114
img_wv6y0,178
img_r88wt,312
img_qugrz,485
img_lblbd,282
img_bu9g9,282
img_yckab,58
img_b6wm1,185
img_7kyxw,141
img_0c23o,136
img_0z70x,61
img_pzm3z,407
img_0pfo9,498
img_vlpy3,168
img_3gs0i,86
img_pzqdl,264
img_6g820,418
img_qk7zl,227
img_tdqhg,460
img_2uqew,69
img_jf0p7,282
img_2u081,177
img_7t6fo,141
img_b5eic,201
img_jv9us,131
img_btexx,463
img_7rpvo,22
img_ijxdu,60
img_w9z84,399
img_8q18v,101
img_10zxf,64
img_uuj7n,344
img_i8ya3,320
img_yd0yk,384
img_wuv20,226
img_zzfgm,41
img_3zw7g,91
img_dksji,82
img_ai0qz,138
img_vnam9,470
img_h5pw5,416
img_btu96,133
img_u3a2c,246
img_w4qdj,100
img_muqq7,320
img_itn1l,78
img_0qp6n,78
img_ba12v,320
img_yufst,135
img_pcoew,76
img_esa7k,315
img_pfku0,292
img_mnqri,320
img_y8khy,232
img_4obbb,311
img_wj9hi,346
img_sevkh,179
img_o36l4,34
img_4bo15,259
img_tccmz,265
img_s7ddm,271
img_s73tb,206
img_s7aby,15
img_ibmud,371
img_d8g0l,38
img_jt3rr,381
img_hfoj6,212
img_i4s1n,432
img_bty32,336
img_aq99a,483
img_r1hd9,72
img_4vovc,357
img_5rfpp,497
img_0bzuy,15
img_xplfd,469
img_bi9yq,52
img_shq6g,345
img_qudnx,174
img_do5s3,226
img_8xt7w,320
img_1rrfx,346
img_8z6km,121
img_e944y,411
img_o0uon,206
img_0hx8a,111
img_acl4x,109
img_vxv36,75
img_d5b83,362
img_kukom,67
img_bsuk7,32
img_u0zr4,246
img_xpjnv,315
img_nub8z,320
img_46zpg,203
img_dx7oz,18
img_8366c,241
img_l9xny,99
img_mwld2,174
img_97nxs,322
img_r6i9r,32
img_13ds9,336
img_zif3a,131
img_zn53r,467
img_vhxym,21
img_gq3nv,62
img_7xfyp,95
img_80iui,31
img_7q4lq,290
img_f6wi6,249
img_xct1p,164
img_tftax,245
img_icvle,157
img_y8tn5,36
img_492dw,246
img_nnzpg,182
img_4nkht,195
img_r6mto,33
img_xmuv0,252
img_aslez,366
img_hhf73,247
img_ydus7,320
img_91rd0,478
img_xxs8j,369
img_06lzj,39
img_72nea,285
img_ci2gv,380
img_tuvxy,202
img_xljwp,303
img_pud8y,119
img_s8re5,285
img_9edu4,177
img_jubx6,489
img_2hbam,70
img_zn981,86
img_z3tzs,463
img_sxp0e,131
img_zfao3,208
img_r737o,322
img_i08jo,320
img_4mqmn,305
img_3nry8,208
img_356g3,250
img_dup5n,463
img_w5h26,203
img_acrv4,140
img_b43if,384
img_7t5la,443
img_90r5a,38
img_5b5ee,206
img_tss01,274
img_q6120,493
img_wzyxj,302
img_367ts,147
img_kvrvv,396
img_6o06n,21
img_c3sxm,462
img_rcr2t,78
img_57286,452
img_6p52z,496
img_8uc4v,380
img_5cozb,275
img_pdlqg,103
img_cq5gx,5
img_t8av1,467
img_rf5xg,499
img_vfvo9,467
img_iftda,320
img_r09de,247
img_mz1nn,61
img_tsqmh,460
img_37f2e,111
img_c2s1e,224
img_mle45,47
img_wg38f,423
img_vilo1,475
img_pcu0a,480
img_61xbb,320
img_k545l,320
img_xzlqb,329
img_jtfwg,85
img_iw2ax,37
img_dmayq,147
img_wua4z,494
img_iyi4u,191
img_rbrh3,329
img_59wz8,186
img_rvd4k,383
img_jl7xt,432
img_fglle,426
img_mayg0,443
img_8b2zz,141
img_i86pa,247
img_fhjnr,107
img_7uhhu,77
img_qmj9g,47
img_l9ikx,455
img_zvb8y,272
img_89kzk,361
img_jeks5,79
img_jbzcv,412
img_onwxz,211
img_35ygi,265
img_7crtn,411
img_myh7t,370
img_1jj2u,147
img_dcu4y,475
img_0qbxi,425
img_n651l,78
img_nxslk,124
img_n0mvg,301
img_ypbjl,98
img_67n2s,245
img_p589q,36
img_94hsd,460
img_nefdr,219
img_wi8za,50
img_ok00u,498
img_ahobh,153
img_su6zv,5
img_h2wxd,11
img_bot4j,203
img_pvsek,375
img_3pmju,485
img_sccr2,317
img_oh0cc,380
img_gk8us,164
img_gj871,235
img_amrqd,2
img_a5lyy,266
img_0psvr,370
img_eyw17,293
img_xe7g2,496
img_hp3gq,345
img_ehz8t,344
img_hc75f,401
img_w5k0u,27
img_31yg9,173
img_jnjnl,229
img_ioye4,165
img_gvt1b,174
img_k5181,399
img_coqru,246
img_dtvnh,281
img_s9czy,77
img_6726e,369
img_afrnh,99
img_dwhax,142
img_n57r7,220
img_9r3xz,334
img_ooafz,144
img_cu8vn,288
img_bho4r,59
img_cuyrw,413
img_swuaf,149
img_vogbl,320
img_0rtoi,227
img_ek85d,371
img_g8nox,167
img_q5b88,131
img_kk1dn,427
img_i2at4,455
img_s9w03,178
img_4gfcw,401
img_6s7t6,203
img_jb4fs,330
img_nlzbc,253
img_dypvn,488
img_qe3c4,185
img_bd5og,360
img_lp781,4
img_mfnln,458
img_6kk5b,208
img_d774d,405
img_x7g73,222
img_gite9,328
img_cbqwt,185
img_0ry1r,229
img_mjglv,233
img_ox6t9,320
img_b55dt,185
img_0pj5r,292
img_q8d3x,39
img_fz5gl,82
img_gchz5,208
img_wyyp4,474
img_drm77,256
img_4cikd,435
img_2k0yl,190
img_dje3o,76
img_qjb2u,215
img_cfext,85
img_17ifx,40
img_kg90b,320
img_e357m,187
img_3qa76,457
img_dc4rv,144
img_zxyj4,16
img_ws5q9,128
img_im8kh,215
img_fndd2,420
img_zcgy1,34
img_hh6pc,147
img_i0b1k,302
img_6z3su,467
img_6dx55,447
img_f5996,209
img_36bdq,196
img_kcssi,301
img_rp13n,337
img_yo5ry,465
img_25u4o,323
img_hqft7,28
img_29a90,360
img_xacc8,175
img_lbz4f,497
img_mtp2n,344
img_tfgsx,484
img_bd1kp,52
img_rsmo4,42
img_7ps7h,498
img_1uaw3,150
img_v2tv8,174
img_odc4r,358
img_o6bj7,61
img_4eq5r,249
img_p6s1h,17
img_htgdr,491
img_x6um5,244
img_cx7uk,183
img_ecdgx,165
img_sgjb9,176
img_cegym,32
img_7w2ak,266
img_mdh1g,476
img_g2o3b,363
img_7nev1,489
img_op2fy,3
img_8kvuc,248
img_bqcgu,393
img_1fckw,212
img_ass1z,456
img_rgfgj,260
img_7kp6o,149
img_itfpk,315
img_nboo3,441
img_yt1s5,477
img_5ojlr,235
img_vcleu,98
img_tmjnr,157
img_k62vv,369
img_jway9,153
img_3zmwh,344
img_9wc5c,145
img_e1hup,369
img_qkp1m,294
img_zs8fx,5
img_92500,69
img_tj15b,276
img_r83cv,294
img_s5dr3,282
img_t6rjw,262
img_wnuvo,320
img_c2su1,392
img_ith6m,497
img_5jnni,34
img_b1sek,190
img_tzbbr,208
img_pmiwt,385
img_snf3r,475
img_u5bxw,256
img_iasa2,171
img_n99qi,496
img_ypc9c,30
img_mzcp1,77
img_9ds6y,406
img_xua49,335
img_9dh5h,467
img_62wpz,410
img_ib3kv,386
img_k1k78,48
img_m30sw,276
img_91jyj,452
img_rr6gn,63
img_28vbv,272
img_ldnvu,229
img_zmn1o,11
img_0rf6b,320
img_kmuz4,5
img_gul8k,248
img_jxf0h,84
img_et249,37
img_9t9k0,75
img_68elg,472
img_yrnz4,184
img_5tvun,62
img_gh3nc,182
img_oy6lq,30
img_hgr4i,307
img_55k7z,195
img_e4f4l,170
img_roqc3,498
img_oe06l,127
img_nv17b,371
img_0urjk,133
img_mg446,201
img_pq8tl,435
img_vauyq,457
img_4s09w,406
img_nhe7w,32
img_1yeo1,373
img_y70qz,388
img_jrc6s,278
img_sekdw,467
img_7d42m,84
img_sdahs,407
img_uegq3,253
img_y9yiq,325
img_ryaf9,399
img_vuutm,320
img_b678i,377
img_ug4q3,370
img_ibuf5,477
img_ppbdb,278
img_zbjw9,14
img_d8h9o,443
img_wswlh,485
img_p5th0,10
img_82ktr,467
img_115vf,36
img_es7ft,388
img_utmzr,209
img_8vm08,361
img_5rpo6,20
img_tbj8w,118
img_aykvc,8
img_umvwy,99
img_1znqz,135
img_199je,124
img_t4h3g,183
img_21cjw,234
img_v44t9,314
img_lz2w8,193
img_xx4ks,46
img_yvmrk,227
img_wec0e,391
img_5j6zx,460
img_ryslh,242
img_w2z1f,405
img_whc86,70
img_d0phh,62
img_z3uuo,265
img_3umwg,151
img_jzd5r,373
img_cxsdb,370
img_1u0v7,460
img_nd0eq,158
img_dq65s,196
img_aryrt,419
img_grxcm,39
img_w5kpk,79
img_cpdf9,403
img_g4w1o,336
img_eu3y1,401
img_irvpv,360
img_lltlt,354
img_qqqjt,184
img_t67nh,183
img_0dbwe,255
img_jgnai,496
img_vt86e,401
img_tqsov,435
img_kl3hw,406
img_ux1iw,60
img_oajyv,165
img_o50qu,249
img_337j5,320
img_8hyne,126
img_lwqmu,479
img_wn817,496
img_xv3ll,176
img_bnets,116
img_u0smd,399
img_3slgc,400
img_q8epx,455
img_t7g90,247
img_dtqlt,37
img_btp4b,307
img_50cph,474
img_oz1k5,301
img_b9293,138
img_6fuwq,481
img_stmm2,320
img_ow8no,485
img_7nwkh,310
img_bkwh8,13
img_9l8ve,6
img_kj4vv,496
img_7t07o,463
img_eovvv,228
img_6ln59,320
img_icf6s,344
img_8vfqx,252
img_7ibpd,228
img_urxk3,37
img_0jf4n,246
img_8vfdy,250
img_sqhhn,103
img_6fnds,80
img_impm3,56
img_mdsjy,180
img_r9xmm,60
img_j5z4j,25
img_k5rkb,320
img_xqkku,29
img_31xm2,127
img_rv3fh,30
img_esdcx,2
img_nuaun,320
img_2eydh,256
img_iqoya,344
img_zuzyu,37
img_jae4z,380
img_7ngks,460
img_t96pk,324
img_7mnh5,493
img_u6zu4,281
img_a6okv,347
img_juhom,23
img_aysmz,475
img_33wtm,355
img_pavoa,245
img_31g9e,440
img_x90fh,337
img_qkosv,460
img_brk59,408
img_sx5s3,461
img_uwj3n,136
img_l13rt,382
img_z0gdw,13
img_mo6sq,93
img_zzqft,486
img_r7bm2,401
img_owr0x,380
img_c0cfj,427
img_w8ok8,138
img_y3oof,344
img_m98uj,143
img_rrmqx,435
img_d9f3x,391
img_twdqp,11
img_ymrt5,298
img_sdswg,487
img_kjbin,13
img_jsv55,258
img_2f45f,47
img_srfns,182
img_4gomd,278
img_il62k,490
img_8pwmu,393
img_0osqf,307
img_3flqc,62
img_u4ece,467
img_30xmb,321
img_fueq3,344
img_gdf5e,457
img_99dxc,169
img_47enj,152
img_acven,352
img_8dpfp,427
img_nqa2b,453
img_344v7,204
img_suqut,29
img_0fb1v,16
img_n9gy5,320
img_chqj6,13
img_7htmx,411
img_2759x,354
img_71l6g,140
img_cpa2f,256
img_j1puu,13
img_ewdqw,94
img_i76pl,449
img_biv6k,261
img_dchxn,467
img_kd12y,88
img_0b9y8,36
img_gijrz,72
img_ak7fo,320
img_ugb5a,34
img_nz326,383
img_su7l6,13
img_43z2i,306
img_9yev0,467
img_7cp5a,193
img_f64kd,95
img_41gd3,364
img_dngb0,151
img_e284b,278
img_n7ttk,303
img_kwajo,144
img_byot1,61
img_dvzj4,285
img_2aa5h,370
img_9z73g,273
img_xqf7o,142
img_ar03z,134
img_tn2vu,299
img_6odbi,76
img_ivo20,253
img_oo471,475
img_xlut6,147
img_06136,39
img_6x99i,465
img_nf70o,256
img_1rydu,334
img_ss4rl,164
img_lezlu,105
img_9w07c,344
img_zf0v7,107
img_5iqbk,27
img_qqvd2,305
img_a6nwh,159
img_gxdbr,229
img_ghclh,252
img_1udzs,390
img_g6lk8,408
img_uyhdj,473
img_i0cnc,172
img_t3cl4,138
img_utgwa,346
img_gymaf,388
img_bmr00,320
img_5eqd2,45
img_y3rgk,383
img_vnmve,435
img_pk6po,131
img_m83x4,435
img_1x5yb,417
img_ni6ur,3
img_4sr85,489
img_h7ku9,416
img_8dj8a,449
img_utp89,261
img_jdm8z,380
img_al60i,467
img_j5g5d,307
img_gohn5,399
img_hf8qk,61
img_pv1kv,497
img_5yknv,494
img_k9n75,344
img_oninr,380
img_48ri3,127
img_zj7dy,81
img_p4mj8,346
img_n3kp4,98
img_xko17,347
img_z2elx,479
img_n2xvy,425
img_od6qh,183
img_15cp3,332
img_q6oi2,177
img_ivph1,165
img_i1nms,475
img_t9tfy,367
img_akj1d,8
img_p7gs4,430
img_u0r0f,479
img_kh2d7,65
img_8gfve,269
img_3ygbk,440
img_0nn6v,125
img_912gb,45
img_z2znb,80
img_q3432,446
img_9d1zf,126
img_i3nme,41
img_4zg1k,397
img_xfki2,399
img_r9rkb,145
img_pkliv,248
img_fa3d6,477
img_3vdwk,378
img_xxo72,320
img_x2yd3,476
img_yybhv,138
img_jts43,335
img_6dffu,178
img_abrn9,127
img_rhw80,291
img_y7n3u,192
img_fl8xc,75
img_b27t2,157
img_pftuc,114
img_yc51k,432
img_64sf0,379
img_x15ln,485
img_bvovn,467
img_hmm4v,65
img_slesw,15
img_iusjz,278
img_eadl7,145
img_luwy5,247
img_g95z7,467
img_k2f8g,313
img_4h1f2,76
img_cecvh,46
img_e397z,155
img_ci2q6,406
img_5sl63,138
img_j9r1z,170
img_8ohtz,320
img_9ebz2,68
img_5wrci,341
img_seq7l,208
img_xtg25,454
img_j08h6,193
img_3b1lx,81
img_tco0i,320
img_kwwup,331
img_2mocx,293
img_awlv7,258
img_7wx1k,159
img_dvkbm,334
img_l3dqx,68
img_tayjg,370
img_fdzrp,12
img_6h9qa,320
img_t5itn,373
img_dc4n8,165
img_y59x8,380
img_pbzhf,240
img_ewz7s,346
img_c3jwa,355
img_nm1qr,227
img_ysrbi,425
img_79fui,111
img_6tijw,329
img_dcked,241
img_qv0tb,316
img_spwip,42
img_otiwh,471
img_ub8jz,319
img_xqk05,44
img_9a00a,402
img_dcnnb,37
img_2x2ju,36
img_9n203,380
img_smaiw,427
img_iqg54,53
img_h2g5m,462
img_pjyke,208
img_qnfjp,391
img_c2mbe,440
img_vejzf,44
img_t1mcb,244
img_x7igh,253
img_tmaif,259
img_jktfg,467
img_o9uj1,17
img_nulfw,289
img_z9yjn,165
img_bsosa,393
img_l5qpa,23
img_50se5,485
img_fd59s,11
img_bvvxg,460
img_l2oqh,322
img_8octs,342
img_cj9ce,79
img_rwnx0,477
img_um0w3,395
img_r0vz7,158
img_ng36g,62
img_5nyl5,242
img_tmt97,352
img_ujtum,8
img_y2nl7,54
img_ua3e9,275
img_u378o,467
img_i96te,250
img_tlmcq,357
img_nr7nv,383
img_femxo,467
img_j32rk,324
img_7whjk,471
img_hyaxn,94
img_d3ioq,380
img_aj320,127
img_bqlsn,75
img_kto6a,380
img_646wg,381
img_8zo0c,298
img_n05pb,463
img_unuzn,467
img_krv3y,405
img_vw36l,77
img_x8mlz,475
img_1fany,493
img_71kw3,405
img_5lslr,8
img_j7jdn,464
img_8u3pi,49
img_edq3u,161
img_rje76,140
img_m9tjj,287
img_k82nr,493
img_qykxv,226
img_txooa,249
img_iake6,460
img_pw3ok,320
img_i6ne4,135
img_d297m,49
img_kqepc,94
img_77tpw,172
img_fqmlx,199
img_ju5xg,392
img_15lus,230
img_l9wy7,417
img_jhvak,183
img_m867l,383
img_c0e48,208
img_bhq0v,75
img_3axea,360
img_4vf7g,383
img_tkvjj,319
img_4jbqh,451
img_cn2i5,395
img_cmtaz,82
img_sstql,399
img_tv1sx,499
img_3p8zf,449
img_a3n1e,146
img_ud9ae,294
img_sw5y1,84
img_f8nbi,138
img_bbo2h,384
img_gre9e,116
img_7ue3v,55
img_0agh7,183
img_15moj,320
img_9u8l1,438
img_miclp,123
img_ypup8,440
img_be0jn,295
img_uepe8,384
img_6b5uv,320
img_4o1kg,328
img_n7l21,151
img_9j9mv,380
img_u7403,387
img_h22ge,370
img_pocnz,181
img_1zh5t,331
img_ii3l2,285
img_lbv3n,416
img_hz6wy,336
img_a9f81,268
img_40ecj,79
img_rxzao,282
img_0v57k,211
img_uenv6,37
img_1suog,220
img_f7zhj,410
img_9fd9r,394
img_t2k2j,179
img_sy8yw,322
img_kynpl,287
img_0vs44,59
img_tkdwn,183
img_ftvx2,380
img_e8go9,364
img_f6vtr,52
img_nvotw,65
img_t5990,185
img_vk33j,58
img_cn4wp,384
img_b9usv,461
img_ay5v7,165
img_plwm8,460
img_bksmz,262
img_qazpy,320
img_iprbd,52
img_4r66e,155
img_ypjzk,194
img_y1pza,77
img_km81x,429
img_akej1,112
img_a1mxr,441
img_l43jc,33
img_d3lq5,213
img_mt2di,388
img_qaf8y,208
img_vexe0,344
img_e2vwz,183
img_l1pzo,134
img_mjx7g,367
img_ajjnt,62
img_ybjgf,245
img_d0aws,117
img_ht381,336
img_s2zxp,372
img_ik7rt,42
img_dhhsb,151
img_6mawl,310
img_wua1q,393
img_9cach,320
img_8wl9f,477
img_cejjx,485
img_km3ft,47
img_4hte9,273
img_iq11b,195
img_pqvsd,419
img_82806,360
img_7jbn2,496
img_eurhg,294
img_l74il,336
img_n7oxq,223
img_1rr5n,360
img_02w2u,377
img_u9mhh,320
img_btto8,344
img_q868s,27
img_ce1ks,373
img_vkhrq,467
img_nfg8r,116
img_ss4zf,56
img_mkw8w,178
img_eep79,56
img_nz6n6,320
img_23ku0,178
img_az7br,337
img_boak3,320
img_xcyz6,443
img_yn3nk,71
img_w39xs,438
img_8l9ua,259
img_tnfz0,453
img_9ujyu,202
img_a88xi,327
img_246nr,432
img_7v5ic,171
img_97wqw,455
img_ozzo2,272
img_by0nj,307
img_5yn8s,288
img_am1yy,109
img_xzq7q,154
img_b66y6,34
img_xu8vh,494
img_qo3vf,208
img_xusj7,82
img_76sqm,366
img_zsqqn,75
img_6abyh,320
img_w0rfb,369
img_39d3d,103
img_jjdfq,31
img_v02lo,320
img_czuie,278
img_g4807,100
img_6c40y,210
img_0ffws,246
img_b9p52,379
img_bctwl,61
img_pcuh8,31
img_f5t62,283
img_7od66,312
img_6w7c1,204
img_f008d,206
img_e0h2u,147
img_58bb4,463
img_rzbba,496
img_ys7ot,28
img_cg26t,179
img_5a4ds,460
img_as8fa,55
img_a888r,67
img_7xp1m,106
img_xn0u1,137
img_c0zly,181
img_wdk80,367
img_vnktk,157
img_35pqz,1
img_wqp47,345
img_iqmdt,161
img_lhbn6,227
img_0a8d3,324
img_u83fg,22
img_2q62j,185
img_xtx9h,344
img_8iwsi,21
img_tpkeu,435
img_21xzw,462
img_xwb1n,357
img_xsv29,245
img_p1mfm,393
img_nfi7u,419
img_d5zr5,477
img_mi3hv,209
img_aiapm,412
img_2uesp,344
img_dlk3e,407
img_m7kvx,360
img_j8kqo,208
img_bgvsp,80
img_jq4zm,419
img_3c92n,467
img_53stv,385
img_ha6yp,289
img_u9nuf,322
img_gq6h2,380
img_xhnem,406
img_0jlwy,121
img_qfrje,458
img_usmn4,63
img_t5lu4,171
img_2nmb9,467
img_36h57,154
img_86t53,147
img_dq80h,171
img_68szm,208
img_xs1v0,401
img_dvl9h,426
img_46gb7,206
img_x7574,369
img_dmtqs,316
img_vs96s,339
img_2vxbb,315
img_3ej0i,105
img_pi5s8,220
img_8tyz4,151
img_wkz0o,395
img_h8h2c,69
img_fdb2z,380
img_jzdxa,101
img_ls8zf,42
img_ir8t6,423
img_nc0j6,327
img_mnil5,471
img_87arx,407
img_xwcqk,467
img_e5xqk,65
img_nr33s,356
img_d62tq,331
img_nph7i,439
img_s5fr2,212
img_xir2v,277
img_lpc4w,79
img_6yd8n,250
img_vxxf4,140
img_ppcnc,39
img_f27a5,112
img_glyou,405
img_nyy90,408
img_iedza,301
img_rmdmb,481
img_uyxtw,234
img_h5kbw,152
img_b1sba,227
img_3jhun,498
img_8h5sg,208
img_w7wxp,450
img_gce6s,327
img_m47ro,316
img_e6eni,28
img_g2zcd,413
img_wsfvo,245
img_fucke,99
img_6r4tj,65
img_tagf1,236
img_qpw8l,240
img_6cro4,401
img_2v8k5,292
img_37o4n,68
img_rnvir,37
img_rd9u7,215
img_3wwa6,329
img_n9u3t,39
img_tfs2x,303
img_tv7st,203
img_4e7n1,232
img_fg62d,373
img_xa3la,256
img_07wp4,245
img_9rbno,215
img_38g3t,62
img_2qlao,225
img_3jgsm,355
img_42ojo,70
img_nlx8j,405
img_m52ii,431
img_9r2b0,467
img_sx82v,31
img_a03os,248
img_25f9a,208
img_ei0b8,119
img_8e3vl,331
img_6halu,109
img_0wl91,206
img_4lau3,138
img_ptory,53
img_sndkx,103
img_bxrok,278
img_d5czt,124
img_1b3jy,320
img_lriz8,320
img_p5nes,162
img_va16f,446
img_d314a,62
img_rco4n,463
img_m08jd,155
img_d30ce,264
img_845hb,393
img_k718k,61
img_su71v,96
img_x429g,277
img_grasj,151
img_zvgug,8
img_ap142,89
img_z8ca1,227
img_q2kyz,131
img_9umuo,417
img_amwjh,386
img_ilpj5,270
img_l78ym,313
img_jcqeh,380
img_ki471,162
img_73o6w,282
img_d26dy,94
img_jf3ue,24
img_5jg0t,134
img_dhy6w,267
img_m896n,304
img_d18m4,459
img_4bxpx,131
img_1c9xx,87
img_6i797,227
img_j3xl3,379
img_4vefg,336
img_8eewb,301
img_jgaeu,194
img_22772,197
img_6ztqk,169
img_o914y,261
img_6xhou,385
img_6835v,186
img_rwkpv,290
img_l1k87,187
img_auc89,25
img_lnrgu,10
img_ubv8a,258
img_b2wca,72
img_yedqc,53
img_er118,63
img_altt7,163
img_jog2p,22
img_ojpos,204
img_gbzu1,320
img_i833c,440
img_ddm80,339
img_pfnut,360
img_btbdf,243
img_2igqq,119
img_nvb7d,86
img_bjett,107
img_6ctbl,245
img_2mwxd,116
img_nx52z,208
img_hwyvm,147
img_6yelg,266
img_048cc,263
img_rmkks,483
img_ddr8k,208
img_7kplp,235
img_8b3qv,478
img_q6mk2,101
img_l655d,320
img_nimu1,493
img_2m2ep,299
img_tu0j7,425
img_kkrxj,281
img_s1qie,18
img_hgsuv,247
img_5ngja,380
img_5tgqn,155
img_7gqbn,125
img_3gh8c,145
img_d2d5g,116
img_or0xt,471
img_f99xc,248
img_94och,453
img_r9r8e,317
img_z43e2,92
img_0545g,76
img_orgj7,227
img_yv846,380
img_ub3ht,423
img_quwkz,178
img_64kuf,227
img_7ffwz,395
img_ju1y1,320
img_z745z,375
img_fkhuc,378
img_k9mtx,287
img_p4eyu,208
img_c9fog,97
img_3ookd,255
img_ndbqt,49
img_zjixt,208
img_23rt5,208
img_2p9c1,92
img_thxg7,75
img_fbioc,21
img_qa0mx,305
img_tq2g6,9
img_2ydo7,33
img_k0qzh,99
img_2wohn,193
img_302ya,256
img_booe8,491
img_yb7t6,320
img_ybo9o,125
img_h928d,380
img_zexn9,212
img_o5m42,395
img_vp139,41
img_w5i7e,57
img_3qh06,26
img_oyn6p,152
img_8dk2q,339
img_xgok2,488
img_um0w1,312
img_nlfs8,320
img_5lst4,475
img_b8nmv,480
img_brnym,342
img_k9ajz,273
img_e7iva,399
img_ljsvp,320
img_w33e9,307
img_eny76,495
img_ukweh,227
img_w8vyt,36
img_ruy0u,317
img_4o44g,135
img_1x5vd,380
img_ql6r3,393
img_bw9m5,151
img_j78p5,379
img_2umsb,430
img_ij9uv,174
img_1qfoh,310
img_ydxes,33
img_nhqr2,383
img_0ytsf,36
img_vyt6j,25
img_of2d4,395
img_ipmry,377
img_i2d18,37
img_6muk8,82
img_tqjo9,312
img_6riis,77
img_501tc,282
img_ab9ra,165
img_duxad,373
img_oglbv,408
img_w77ec,279
img_g999t,467
img_n6pxk,183
img_qu5kf,320
img_lpeb9,390
img_uulp3,496
img_jft9t,67
img_9tpan,467
img_nf8bp,38
img_z0mtp,430
img_fs5on,99
img_aow84,395
img_rwfuc,466
img_y3xuk,34
img_snmd4,259
img_h7ooc,168
img_h70ye,233
img_deplf,250
img_l8puy,265
img_h3qny,288
img_xjocz,460
img_47ng4,435
img_ohqul,206
img_mxcj6,105
img_di4q7,348
img_4vwok,228
img_y9esw,424
img_ynre3,346
img_7fvon,57
img_eo85q,279
img_8zl8v,257
img_2ze2f,467
img_s8q0a,72
img_al0fr,320
img_69ghe,369
img_d8loz,171
img_thntz,127
img_7ukce,156
img_c6p7b,52
img_mme4x,282
img_dejss,69
img_7pfbb,115
img_hjs7t,366
img_hn3er,176
img_m9g35,235
img_7kiat,5
img_0ejaw,149
img_x9ie5,156
img_63qyo,90
img_q3y70,383
img_uizd1,134
img_5vv11,383
img_lr9js,429
img_c5jsm,420
img_h21e4,113
img_w8k1n,258
img_dm3ap,185
img_re1e9,203
img_q7kt4,423
img_97brq,143
img_g6vwg,467
img_w9nac,272
img_wus5h,307
img_3ebjq,305
img_osw63,75
img_o9tj3,107
img_r5un6,416
img_m6k6r,125
img_1o4i3,62
img_7d8kl,106
img_eqxzq,36
img_mitkr,110
img_ezvwm,63
img_urir2,293
img_0utjz,29
img_230sf,189
img_fn6u1,115
img_ez9lg,328
img_zsm32,406
img_5ekf9,458
img_y1t6j,13
img_enwxd,478
img_rl6ib,255
img_s2kpm,371
img_nmnsp,372
img_oqh8v,37
img_jfcb1,279
img_vdjkg,397
img_bpdbn,228
img_g58y5,313
img_5zgas,31
img_bmsda,455
img_s1lvz,453
img_1r47f,487
img_719dr,77
img_yfyil,293
img_r8hfm,196
img_9zqfm,22
img_pit3q,278
img_rdkhh,277
img_enydx,98
img_wv9fd,256
img_3uyao,138
img_0puzg,426
img_sx9sd,134
img_6jaey,143
img_os94h,292
img_73la1,467
img_h3ymw,139
img_y14h7,463
img_ot85h,259
img_xibqw,368
img_mkydp,285
img_bymzs,323
img_uo5i6,60
img_pxjxk,426
img_c5vm3,304
img_f3qvm,30
img_azcli,172
img_vto2j,148
img_h8qyy,143
img_9gy7q,360
img_ls5oo,42
img_28byx,90
img_48kgz,17
img_w98aw,357
img_3vhpf,440
img_fh3id,32
img_in7sm,78
img_nu4a2,444
img_f5ivr,53
img_42gwy,443
img_2uqyj,32
img_3z0di,423
img_o8k7i,168
img_4oj2b,320
img_7pf0k,472
img_m0hnd,489
img_xt11b,105
img_4avhl,34
img_xou1q,244
img_6a2tq,405
img_vsy1y,32
img_voer7,457
img_xhb2s,140
img_obh9s,116
img_w2203,6
img_m5poc,474
img_vokaq,156
img_3dilj,194
img_1laa2,181
img_kz3dn,95
img_5wut0,315
img_41gld,41
img_itied,208
img_lwcm7,277
img_7eauh,169
img_f1kzo,320
img_pm2ar,373
img_13odq,247
img_lzsga,484
img_7tfku,151
img_dwr3g,275
img_cu15n,78
img_jnn0b,308
img_8nb8d,438
img_no30d,127
img_fab49,130
img_qst3h,203
img_1w6cr,472
img_dbba3,79
img_2tn16,305
img_8e8ir,440
img_j7roe,23
img_einqw,99
img_hcgsi,65
img_8iqlq,285
img_c1ga9,427
img_1ifkl,320
img_jnbaa,183
img_q8j3q,420
img_obgym,43
img_nzrqu,365
img_r1c2t,38
img_0xzq2,120
img_63o11,490
img_03fov,467
img_u2hpx,208
img_0p7z2,67
img_oj36f,320
img_cnmw8,153
img_yyy42,285
img_gc9e8,75
img_27duj,463
img_thj3q,460
img_1552z,370
img_z4zph,309
img_2h259,227
img_etsrv,320
img_ltwun,413
img_w9odc,320
img_naa4y,176
img_ltncm,137
img_5ydg8,265
img_2b9gh,319
img_h3dfs,207
img_t39uv,71
img_fmpa9,206
img_j2xk4,15
img_o7qqk,22
img_pum02,131
img_4ckgq,331
img_cyde5,155
img_wit66,50
img_c7es7,70
img_fkobw,445
img_1e49t,249
img_3i3tx,450
img_7k2fb,373
img_np8l8,298
img_2w2gt,208
img_vylk8,310
img_oj0t9,71
img_7vzat,408
img_1yb18,208
img_flhy0,226
img_r463a,240
img_473od,435
img_bb2do,322
img_jbytg,466
img_jutbq,361
img_32cj7,196
img_83pvb,201
img_ejmwq,36
img_d91sg,227
img_r2fvv,350
img_8qgud,52
img_2vssq,253
img_4ib1s,32
img_f6spt,158
img_i2pdy,192
img_bhqpm,467
img_r93zq,300
img_38k3h,467
img_pnodg,440
img_tykx9,26
img_d5c0e,153
img_cnk3t,184
img_9bcjc,355
img_e3k0j,418
img_3iwdh,221
img_rfe3d,325
img_0q1cj,397
img_43gf4,468
img_xr70r,299
img_u6xvn,194
img_lqq04,226
img_81x9z,349
img_1sejg,226
img_gzum7,229
img_jb5bi,51
img_w53vg,300
img_qivir,406
img_506fk,320
img_9xgxz,317
img_le3k7,211
img_gqwxj,242
img_r0kmk,366
img_m7vpm,337
img_2oza4,190
img_meamt,65
img_4rl4j,155
img_3dfjy,5
img_zea7f,265
img_32kun,208
img_mnkff,0
img_ycdqq,80
img_iyoyc,181
img_xbqpi,82
img_3lg7y,440
img_9sfta,71
img_xfhmu,8
img_h82bm,206
img_5qvdw,242
img_77bwo,417
img_7vrvr,241
img_c4xqu,127
img_3dqom,401
img_yc891,19
img_ecua7,467
img_3v3rj,399
img_8qthm,406
img_3ol20,32
img_v9nec,250
img_gxbrw,71
img_tyufa,257
img_ucb6e,251
img_9el9p,352
img_hlfsh,251
img_bieck,34
img_p91sk,245
img_35fqe,416
img_7gn3d,360
img_5m985,190
img_24loo,25
img_2tbdq,9
img_fboiw,208
img_94dya,134
img_rdppv,381
img_9tn6o,82
img_whmvw,494
img_wfoan,361
img_4t1gw,405
img_jo3e6,417
img_spht6,181
img_kn2pl,325
img_mhy5o,4
img_r2fuv,320
img_jai40,320
img_jatng,495
img_pv39w,95
img_6dovi,367
img_bv1jf,246
img_grvuw,454
img_dl0xe,315
img_fykfg,393
img_dwudb,206
img_oy5un,244
img_j113t,182
img_0apct,435
img_p2bk0,352
img_zzxgz,467
img_8yi86,282
img_enre6,199
img_ib8gq,41
img_ckf8l,329
img_b7jqx,464
img_ljgko,264
img_s9eux,41
img_p6kdb,59
img_gevbp,248
img_2yu4v,329
img_s34ri,247
img_wjruh,373
img_2a5fg,287
img_mxfh6,439
img_2o6o1,160
img_1a8jw,177
img_a60e7,82
img_irufo,473
img_i63dj,406
img_3od0x,203
img_4fg0t,137
img_c2b7h,440
img_9ip6y,468
img_uetcg,488
img_p4sho,218
img_2wxni,336
img_oks7d,320
img_quthd,10
img_v3hkl,37
img_sq6jg,262
img_uab7s,481
img_myy5d,372
img_qmk4v,460
img_j3qn3,247
img_ov06m,218
img_bvf62,208
img_fgfss,255
img_7vq80,372
img_5u33y,118
img_aaryi,305
img_rwx0w,245
img_4lw53,250
img_r95pj,424
img_xloj8,263
img_2gazy,427
img_x0gvo,205
img_2iy6h,107
img_zvgs3,145
img_oy6zr,199
img_udaj3,391
img_john3,84
img_opwki,320
img_d0mfn,107
img_hmbu4,399
img_jkjeg,75
img_dir7g,377
img_g296y,460
img_pgsez,457
img_fa2p1,80
img_12jwj,211
img_wv29r,15
img_4gae9,412
img_snnaz,184
img_n6jfw,45
img_gvtyp,450
img_v679m,245
img_64bps,79
img_ia6q6,477
img_hlun5,38
img_p6ofs,244
img_nfxev,184
img_gv0v3,380
img_ketbc,110
img_um9l2,96
img_1508t,339
img_14dod,165
img_9bvx8,113
img_ty7ii,458
img_pq5jc,470
img_zu0m9,460
img_hpgnp,488
img_kkf7m,81
img_im5af,213
img_lzyp8,272
img_z7kml,389
img_be7i7,498
img_74a7q,329
img_09ewi,165
img_xpl8z,166
img_eid8n,215
img_byznt,99
img_11muz,281
img_csaxx,247
img_iou1u,104
img_4k8c6,494
img_7e6j3,320
img_p803h,331
img_84mzz,313
img_wgwst,499
img_a1r0d,145
img_goqi2,399
img_67tut,21
img_sja9z,440
img_kgjw6,470
img_jz1yz,33
img_snvcp,483
img_kj7u0,119
img_73zda,445
img_djx2r,354
img_wsfub,320
img_qd5rb,417
img_h7kf3,413
img_4uovt,399
img_i22fa,460
img_9y7va,145
img_1my34,286
img_e6ucn,417
img_prwe3,260
img_i83m7,30
img_h7ulf,126
img_39osn,144
img_f1gv2,423
img_6vpzl,101
img_c4myh,384
img_yzaps,29
img_h74br,164
img_n4l0x,140
img_p47z2,78
img_o79m9,151
img_ornbi,46
img_n1fu5,131
img_ae4e5,361
img_lzxh6,435
img_d3naa,235
img_joys2,13
img_hxuas,486
img_d7znu,408
img_bhwgo,281
img_ywz7b,148
img_nfbqd,425
img_2p9jd,50
img_qw7qf,192
img_ver0t,208
img_9ics9,256
img_7fmhm,45
img_dbze4,347
img_jvgss,383
img_v9qt6,167
img_9o2kh,435
img_lzop4,163
img_a56bp,478
img_tfsph,95
img_v7u6a,383
img_7h38n,128
img_kncp8,367
img_ttas7,62
img_emt34,320
img_p2d79,43
img_xtdyx,94
img_j7ma8,262
img_162ga,159
img_7ssnz,114
img_nzqqv,320
img_q6n8k,409
img_ts2cj,291
img_t6p3e,320
img_0z2xn,496
img_qcs9o,204
img_aiok1,489
img_onmc5,499
img_01sra,399
img_sxfqf,119
img_t76op,339
img_wzovu,100
img_jxm9t,440
img_zrm84,291
img_f5odg,444
img_bn1lg,274
img_w6i1v,247
img_einjm,165
img_a2tha,114
img_dhqjm,99
img_z9ywc,51
img_ig138,395
img_j3uum,444
img_y0nne,499
img_cw65y,422
img_bewiu,467
img_0nqcm,206
img_pcsml,233
img_b2mn6,234
img_h0owo,88
img_3wduj,165
img_wmau3,432
img_yxfjk,294
img_zhw93,183
img_z6n53,379
img_bzwjx,388
img_3yepz,360
img_6t2qq,162
img_xf9sq,165
img_a9zwq,122
img_8kogj,265
img_dxtkn,38
img_n5m61,211
img_07zj4,303
img_3lc0c,497
img_fd0q6,242
img_6c5sk,241
img_4gt8b,320
img_12f0u,397
img_i3gz1,370
img_39dd3,79
img_ghf90,114
img_xbnq4,86
img_vbxt7,360
img_by9wq,343
img_g2vbd,127
img_bqpl6,123
img_77nd1,474
img_hiv6f,10
img_uki91,183
img_44neq,485
img_rls14,412
img_f0w3m,210
img_ylv29,206
img_6plbw,45
img_ipmzb,243
img_tjh08,194
img_offe3,496
img_ajofl,173
img_8lgi7,204
img_vtem7,236
img_mm992,470
img_c76l7,416
img_jobc2,201
img_qh0a1,490
img_cvyzc,105
img_s4jfs,378
img_40ozq,175
img_p9ywl,320
img_ls5qo,231
img_kl99s,225
img_u6w4y,387
img_8zj2e,396
img_9y2wm,186
img_2goji,18
img_1vjn9,320
img_t3vye,494
img_u8btn,466
img_8ixfe,28
img_88hz2,203
img_1n9vt,467
img_vkm6h,301
img_m75bo,337
img_deeak,151
img_5h6cs,103
img_ijd1b,77
img_mo7m5,181
img_1s4qn,380
img_cgn7c,402
img_61pt4,494
img_obxav,117
img_aj5hm,189
img_cl42k,320
img_x24fk,65
img_f8kkt,206
img_xqhbo,10
img_yq05o,472
img_3hx6w,355
img_dzlzm,120
img_m15z7,442
img_osaig,278
img_f0qfp,134
img_429tp,147
img_44cpr,170
img_r9pl8,383
img_oys4h,105
img_03ydh,266
img_2r5cf,59
img_tml23,350
img_4k18x,235
img_ikcdv,463
img_5ihe1,248
img_g9rbs,131
img_hmo91,208
img_dne3s,162
img_r2mpg,10
img_apjjy,62
img_b0wyh,206
img_9og6l,395
img_qs00u,429
img_wfywf,383
img_f30sq,431
img_w5mk5,320
img_080et,336
img_mpu5u,20
img_bpp8r,394
img_m58x7,155
img_3dlph,383
img_v6td1,467
img_yhxz6,424
img_54di0,273
img_a4rfs,373
img_f2zam,264
img_y6v8x,320
img_t037r,309
img_07saa,478
img_45dhc,151
img_6vqh6,118
img_fegcv,380
img_qoia2,305
img_3gx57,384
img_cr43z,285
img_adkf2,147
img_ioqbr,408
img_l548t,108
img_mpxm2,208
img_kq6d5,384
img_tswdl,29
img_ixmm8,372
img_3me67,320
img_7w6ou,30
img_guvs2,320
img_z2s5t,468
img_el1x0,120
img_d4kla,211
img_3taev,475
img_z6c31,320
img_za3oa,122
img_3k9ts,404
img_sp1o4,174
img_fioug,485
img_5oo1x,9
img_j341d,406
img_1a39m,45
img_mv2vu,165
img_l02dr,76
img_uib8q,435
img_ef4la,77
img_oufaj,495
img_ndx5l,27
img_zxqgr,234
img_x6sqj,84
img_ca5v7,73
img_oqo4b,380
img_l78x3,238
img_wlj12,460
img_2d63a,354
img_ojccl,276
img_p242s,485
img_9idcg,227
img_529qe,424
img_7rj9i,440
img_8vbq7,229
img_hlb0l,320
img_rm0c6,383
img_upg04,148
img_dejhn,9
img_26os6,134
img_s72mk,346
img_m9ibq,463
img_b3zso,364
img_jlqdm,380
img_gv7ju,494
img_48q64,320
img_6nac9,116
img_9vdta,208
img_e9pow,98
img_3ywdk,467
img_qsolo,53
img_2dgys,146
img_21dxr,183
img_czpl1,156
img_kait8,195
img_wvygw,383
img_8xmf7,265
img_wrkrc,320
img_jtyn7,490
img_i60n5,177
img_zqjkh,455
img_kzoov,317
img_9j4gk,176
img_yjnx2,34
img_qievn,359
img_4plbu,320
img_nyo9p,460
img_xfm3c,208
img_06m1q,320
img_p1n61,91
img_n0exg,320
img_pkxgn,475
img_rvzbn,34
img_g6n7c,10
img_0e7cd,432
img_fetgd,424
img_hgkq1,140
img_qjdi2,447
img_2mqr7,95
img_qqg26,170
img_13ktk,316
img_aqx08,75
img_ufw1o,68
img_wcdmo,203
img_fuly5,51
img_pioi8,176
img_ikmj9,373
img_jsjc2,383
img_du3m5,140
img_pgdvu,370
img_svija,424
img_p931r,320
img_unhag,116
img_30142,23
img_7m0pb,214
img_wfm1w,229
img_k95xf,199
img_ra2sa,460
img_z4d14,322
img_f19tv,77
img_r8orj,188
img_qlu7s,255
img_2dtvf,320
img_dpmr3,184
img_xoxdu,10
img_6c4hx,78
img_egkl5,250
img_runug,181
img_jsjtv,320
img_3kez1,194
img_7l6u2,244
img_7f4vo,277
img_uxjin,320
img_r96rb,496
img_f2ypn,26
img_7hogy,5
img_uc58a,36
img_be17e,105
img_qboc4,275
img_fp9zb,413
img_1tk4h,390
img_ahy5r,458
img_5gncp,319
img_o2fem,79
img_yi3g7,346
img_xvosc,193
img_o9deg,320
img_ktj4k,238
img_7na1c,78
img_9nht0,346
img_snye4,37
img_kuro8,32
img_s4o79,417
img_tli83,131
img_wygrm,430
img_2dvnr,77
img_37chv,43
img_18oyg,36
img_nhoe7,313
img_ic9mk,336
img_y9h66,417
img_hqkf3,221
img_at8vf,162
img_0wraw,299
img_nd8tm,393
img_uexod,155
img_1415s,46
img_z9ghl,340
img_lxxlt,271
img_pmurk,334
img_b4zxm,360
img_zdff1,383
img_9rka8,473
img_tom0u,253
img_o0ahw,95
img_atyg3,354
img_bzxw8,429
img_vb2ls,131
img_f5i4f,320
img_j6p9f,383
img_0qizr,337
img_s2azm,238
img_zr58q,279
img_remfh,454
img_tlphj,95
img_7h1yb,424
img_j01rf,71
img_cuzas,458
img_e85ze,125
img_v611u,432
img_j60b9,467
img_bqjgi,273
img_pcizj,24
img_0mdgq,490
img_o8qlz,197
img_lxpnq,395
img_bswk2,1
img_zp0nb,45
img_nc9tl,487
img_q1mwx,243
img_08c7n,367
img_3gasn,320
img_897qz,15
img_yr96k,443
img_24ouy,435
img_55xpp,31
img_2b8jp,53
img_bwljc,80
img_xxax8,414
img_5vi4q,44
img_7j9ok,320
img_wa78n,42
img_yahab,26
img_ttmca,173
img_e0q4x,395
img_fwbyq,320
img_ahel6,467
img_kpkec,19
img_7ce8b,143
img_y395r,443
img_bt6uk,212
img_47dmg,496
img_wub7f,168
img_ye91z,316
img_tp2y1,366
img_nv35b,278
img_atxlj,138
img_otktp,256
img_f9ncr,308
img_zn8w4,474
img_i145s,440
img_reths,361
img_1v569,208
img_wtk9l,461
img_r6x4l,76
img_7x1e7,125
img_v48ne,171
img_4o4ho,183
img_3lics,493
img_o2yc1,467
img_3gdb1,57
img_bd4xh,21
img_tzydh,194
img_5vyy8,245
img_u92c9,37
img_waijk,163
img_f21xu,320
img_n7m78,134
img_dikyo,417
img_52dek,96
img_bls98,472
img_634pf,467
img_t1ymp,1
img_zfkbq,320
img_vv9kp,336
img_pp1xf,86
img_v6c3q,83
img_0o0hj,276
img_0jop6,452
img_yhq8o,377
img_40984,124
img_lfxjp,275
img_sgfnk,218
img_3z6rk,41
img_t4md7,253
img_lt13r,43
img_27m09,313
img_6kswp,493
img_qnb86,485
img_8i9u4,158
img_jc8ty,193
img_rhhml,304
img_agmbz,439
img_8fpoy,285
img_l8qrg,49
img_vfk0x,32
img_lbasi,206
img_511yu,457
img_d0fyd,62
img_gkq7g,443
img_fiz9j,380
img_wgx51,265
img_gro9x,6
img_ib8v6,86
img_juzub,460
img_16vyn,330
img_2yak6,371
img_yk17u,66
img_754me,131
img_hcbvt,101
img_eho6m,181
img_z93to,137
img_wngju,47
img_671k1,245
img_njgns,466
img_7mlrm,381
img_boq0u,91
img_y5qpy,55
img_ja9k3,42
img_ml13q,439
img_negv3,460
img_b0b5w,234
img_mq3i1,345
img_74xp1,222
img_63ibu,60
img_0njm7,183
img_0fsqt,216
img_odeho,475
img_l3f1i,196
img_bffuu,171
img_c6kpy,201
img_exq7f,129
img_yd79m,208
img_l1ivz,407
img_epzwk,298
img_ixagc,50
img_bqd2c,110
img_fvsbz,467
img_iqal2,190
img_pgkcv,267
img_0wluo,319
img_1ewc5,369
img_2voqd,305
img_m7bsc,151
img_lh8e5,262
img_glhlw,366
img_02ck6,320
img_9f71u,22
img_ku4q0,222
img_r73h1,190
img_jistk,498
img_wruc1,208
img_lvnjk,320
img_z31q2,478
img_6ttdy,208
img_xqoju,467
img_e2g3n,395
img_kp2cs,347
img_1fllh,145
img_84z48,264
img_ti5kx,17
img_fbx38,31
img_1m0zj,328
img_erzh1,152
img_a8zv3,484
img_pa408,162
img_gpuio,380
img_4yr95,379
img_bui1q,229
img_todt9,144
img_3jb4r,13
img_opg7b,174
img_7909d,20
img_b9ltr,460
img_g2ctu,247
img_88ynr,182
img_91s9c,73
img_usob0,246
img_o3qmx,307
img_x6htg,475
img_ldjc8,68
img_hcw6n,44
img_aw37o,65
img_fcu4u,62
img_9y805,182
img_ltw0t,91
img_oilbc,256
img_bggdr,440
img_qleip,474
img_ljwr3,141
img_4xcwb,301
img_rv9pg,238
img_c2wcb,247
img_4nd44,360
img_1kvkv,17
img_lppgu,418
img_1o2ol,55
img_q2i34,380
img_pkvgo,477
img_0om5n,492
img_zpx09,64
img_ablv1,145
img_boiux,62
img_3rptp,76
img_rokx3,467
img_652ug,250
img_iziff,499
img_ylr23,165
img_237mx,130
img_1cu21,74
img_ikpvn,15
img_3fotc,304
img_mg6l7,294
img_skyqs,299
img_vtprc,38
img_fl8n1,320
img_rcp9x,33
img_k1tj3,75
img_cff0w,488
img_dflgv,206
img_nwqfl,442
img_6pfa1,320
img_b8f2n,382
img_qcv2b,319
img_pgk09,488
img_6vlcw,380
img_sh1i5,456
img_jy8nc,215
img_dlrwn,370
img_u3y9h,50
img_hh8kp,32
img_lxclp,320
img_1h3pq,467
img_4uf0g,399
img_kqlrm,73
img_lya62,383
img_br3os,493
img_uj9q1,287
img_iugtt,320
img_f9lpt,104
img_ez3q0,175
img_mlw1h,215
img_fsqor,62
img_f9rq3,274
img_3d58z,60
img_nki8z,211
img_vj9m8,455
img_f4pcv,487
img_4o1pb,430
img_hiu1i,183
img_9bryp,383
img_k278f,380
img_xjd4w,201
img_hvkgj,134
img_mjb73,177
img_j3kk7,214
img_pn886,76
img_p3xti,120
img_e2yyt,71
img_25srh,283
img_2ecr1,434
img_0uq2q,395
img_3jvzc,320
img_ny1gx,131
img_j446y,185
img_snviq,304
img_4qjkw,112
img_jnqkl,156
img_dnflc,208
img_pqi8e,347
img_bb0jx,211
img_te1y6,222
img_pmp7e,74
img_ywf8a,244
img_aabg4,208
img_a6yw3,225
img_n3e9j,167
img_med3x,31
img_ffg8g,472
img_at52r,59
img_vhfzn,281
img_iu44x,208
img_63dux,356
img_sys3u,440
img_ix46l,353
img_rq90z,217
img_33uub,485
img_va4oj,270
img_eym20,486
img_w2d8c,15
img_df2ix,195
img_310hs,32
img_4tc5n,443
img_g3f6y,309
img_tjooh,84
img_tnvgb,48
img_9acsz,119
img_psxv6,452
img_jjw23,88
img_u8qyy,460
img_bu0za,320
img_yotbq,452
img_l2nz0,138
img_8cvp1,221
img_r5f15,321
img_mza0y,54
img_zcl3g,88
img_b7cme,98
img_yuodj,325
img_44lcr,408
img_ae7rr,380
img_zm33b,204
img_dfsbe,467
img_8nr4t,308
img_4yzzk,31
img_reoru,185
img_l6m8f,250
img_066uy,320
img_g3ae0,183
img_2q1q1,352
img_7boe2,137
img_zmf0k,48
img_d5izq,440
img_7rhgm,125
img_m3727,144
img_m4dii,80
img_ef534,17
img_g32ad,370
img_vxwnb,378
img_e9bkw,32
img_dwxqa,271
img_rneks,399
img_t3r3a,339
img_ezan5,303
img_mgyg9,469
img_n1byb,489
img_ghn6e,383
img_8morh,273
img_yaqf8,62
img_j40px,310
img_lzu0f,445
img_s4zi6,393
img_1cyuo,361
img_boxma,360
img_f4rw4,106
img_1xwir,262
img_x5gag,321
img_zyrg0,99
img_5zce5,470
img_6xnj6,473
img_g3cq8,65
img_xs8pm,82
img_l57lr,216
img_b2nz6,377
img_tzfn6,128
img_h8coa,138
img_sao4w,471
img_0bpa6,432
img_8t93v,320
img_muzpb,186
img_6rjva,309
img_zn71u,440
img_acev7,494
img_8m3of,134
img_wfdf5,447
img_yyhun,407
img_na6pf,497
img_0maj1,460
img_yj0lm,231
img_4564p,294
img_1cuee,159
img_0ifqh,240
img_qnmsy,304
img_4bpvg,320
img_9v4ye,390
img_ewwr9,166
img_dcpzo,360
img_39h7x,364
img_e2c5w,320
img_385eq,471
img_tos07,425
img_a0bt4,364
img_hsr2w,371
img_woz0c,192
img_g2wk2,31
img_27iw0,369
img_20q0l,446
img_te4eu,380
img_aeies,423
img_wmx2m,487
img_xo8je,444
img_e3a25,89
img_1ujza,208
img_oj5sn,406
img_vz13a,393
img_prtvk,27
img_fwdyb,146
img_i50ge,84
img_dw1p7,17
img_5z2qu,76
img_0pohp,88
img_qn6mb,338
img_ev94t,290
img_m3bjc,206
img_rwb1v,493
img_62b7r,77
img_dl3pc,397
img_tfitx,162
img_7vevh,413
img_gaesu,65
img_xju6o,222
img_kn07h,252
img_ppugz,381
img_faxev,320
img_a3glh,208
img_r0arq,244
img_xau7c,215
img_ckg80,70
img_o1vmp,104
img_cfiw8,30
img_2rh32,69
img_2b64y,36
img_nqhoy,284
img_3td54,151
img_lt6x1,469
img_gn9ud,161
img_v6fb0,498
img_33rmm,218
img_u2cb7,492
img_0hsw7,249
img_n9rp0,435
img_9ej2k,190
img_88qmo,406
img_7rmvm,285
img_qi06c,283
img_zqcbe,47
img_emeli,256
img_qp52l,123
img_wrkn6,48
img_460jj,258
img_wx528,493
img_6hje9,422
img_hollx,65
img_rhumn,397
img_w1s7n,204
img_q1syz,370
img_9k0mo,399
img_bxrx2,32
img_wnipf,431
img_1m18h,210
img_k22gr,144
img_bfjg8,293
img_z8lxg,9
img_sm9i0,32
img_nzzua,320
img_ufbd2,320
img_xgyrl,410
img_0er6f,117
img_9obdn,190
img_u4mkn,373
img_jxo16,170
img_ut6a2,182
img_81fut,131
img_fhgar,224
img_qpsiu,47
img_e2pe2,380
img_e6bff,37
img_r8vci,21
img_e23b5,82
img_pf94z,0
img_91edm,82
img_q64qf,475
img_v1qoo,493
img_9j4a1,77
img_9lkr0,442
img_6j9w6,190
img_xgub1,253
img_a84ty,163
img_07ywz,389
img_lll3v,27
img_j1g40,350
img_84st5,171
img_q6u62,440
img_nxuio,65
img_j7ge1,60
img_k9c77,293
img_wblwi,125
img_9elxa,158
img_i8n8p,145
img_qpwmb,487
img_1uvic,460
img_kmhn6,407
img_63zhg,347
img_r9n0t,168
img_3s047,360
img_rp9u6,143
img_ezdpk,53
img_zpydz,211
img_ylca8,488
img_bzzib,171
img_lgv3o,373
img_yc1gv,381
img_ho7ax,11
img_83916,318
img_tfdpr,238
img_gkprf,101
img_6f64f,243
img_ghxzv,440
img_hfhtj,441
img_e9qcu,375
img_akv7r,380
img_mhpj1,275
img_aq9vu,459
img_h45gn,402
img_db4db,78
img_524un,317
img_evt9a,373
img_ze03c,413
img_e9kjq,208
img_ye6f8,149
img_v9wz3,120
img_50gda,38
img_voxdj,384
img_v9dhw,461
img_ef2qb,301
img_i7ofy,265
img_flmij,234
img_wpayj,76
img_0q6af,451
img_gx6md,162
img_32fsf,320
img_jziq5,194
img_qbz06,320
img_fhzef,37
img_6mw5h,455
img_qty9u,11
img_obkv4,408
img_sdm19,26
img_oxiig,27
img_fu4m3,425
img_xkh28,200
img_vjsgq,301
img_o590v,378
img_6fjlg,127
img_c7gwl,174
img_kdipu,193
img_jd448,208
img_ypd3e,412
img_pnsl6,125
img_bprn9,66
img_zlbng,292
img_vlhej,190
img_1bsdz,476
img_fmjv8,51
img_001o5,99
img_em7yd,124
img_4niky,275
img_yqvb3,460
img_mf026,273
img_tqg76,460
img_y4ak4,275
img_u5gof,485
img_vrhuf,175
img_ewhte,496
img_3ja67,433
img_ext5a,261
img_d55u0,260
img_2pf2c,131
img_ouixb,273
img_742jp,446
img_yeo69,59
img_l0l1d,188
img_qmz4z,208
img_w8pet,457
img_6e31k,435
img_9ix32,95
img_40pvw,320
img_v3mur,153
img_50jfr,38
img_sv308,407
img_uwkjq,225
img_e6of2,253
img_a5i7e,478
img_zrglc,143
img_fcce1,344
img_7fv2s,11
img_j3pll,350
img_u5ot8,159
img_svl3i,138
img_tbx50,323
img_19jbn,229
img_jp9dm,427
img_17or8,183
img_uqcnd,113
img_4hveu,361
img_zwzwb,226
img_5whmc,298
img_op7oj,98
img_ltdho,391
img_7ranp,373
img_u8kfy,380
img_ovswt,457
img_lg28x,370
img_24zgu,287
img_hx3n4,179
img_70syc,176
img_lx968,104
img_tlrzp,63
img_tdey0,222
img_1odgo,290
img_7f388,467
img_komr7,428
img_uf7dv,352
img_gth4q,419
img_do30w,320
img_450s5,384
img_lp8hy,320
img_f8xn7,240
img_mytj5,426
img_49w8p,398
img_2ggbl,5
img_vqp7l,196
img_0b3ml,414
img_fxyfv,34
img_d1c7y,161
img_s5819,309
img_ndo1j,317
img_rk63i,320
img_3hjk4,32
img_q5y73,174
img_ewgc8,405
img_viaqh,495
img_31ofd,99
img_tm7fk,470
img_yauvc,127
img_mntgf,470
img_pl8yn,318
img_plirc,183
img_h36sy,93
img_cx8z0,468
img_qutff,276
img_7yb5j,467
img_fydnm,454
img_a1ruw,464
img_2tpgm,476
img_o3zhn,380
img_j0ufb,62
img_1a6pw,320
img_dkdqa,146
img_n55op,77
img_cvgkg,110
img_07elc,224
img_7t53q,263
img_ly1m1,386
img_dzktf,179
img_mxiai,45
img_4jx6a,268
img_g35mc,175
img_gckpi,383
img_8f5wi,393
img_ua7ew,473
img_ajx5u,393
img_bcoz0,163
img_9dj8t,423
img_h63l5,157
img_446wz,190
img_ob4uu,470
img_vr3l4,290
img_cfnnu,455
img_9x17n,52
img_559jy,320
img_qfo80,319
img_f6scj,146
img_tssp6,310
img_esvk4,247
img_hr56v,305
img_xie27,328
img_0micj,440
img_fypo7,27
img_gsilm,260
img_99ga8,140
img_itkpw,139
img_qtoj5,434
img_0jfnd,458
img_vnk2a,479
img_2umeq,43
img_w8x56,493
img_215f0,15
